"kd_provinsi","nama_kampus","jenis_kampus","status_kampus"
"P001"," Poltekkes Kemenkes Aceh ","politeknik","negeri"
"P005","Akademi Akuntansi Al Fatah","akademi","swasta"
"P010","Akademi Akuntansi Bhakti","akademi","swasta"
"P004","Akademi Akuntansi Boekittinggi","akademi","swasta"
"P008","Akademi Akuntansi dan Komputer Stephen Jambi","akademi","swasta"
"P009","Akademi Akuntansi Dan Manajemen Mitra Lampung","akademi","swasta"
"P008","Akademi Akuntansi Dan Manajemen Pembangunan","akademi","swasta"
"P004","Akademi Akuntansi Indonesia Padang","akademi","swasta"
"P009","Akademi Akuntansi Lampung","akademi","swasta"
"P006","Akademi Akuntansi Mahaputera Riau","akademi","swasta"
"P007","Akademi Akuntansi Permata Harapan Batam","akademi","swasta"
"P002","Akademi Akuntansi Profesional Indonesia","akademi","swasta"
"P006","Akademi Akuntansi Riau","akademi","swasta"
"P003","Akademi Akuntansi Sjakhyakirti","akademi","swasta"
"P003","Akademi Akuntansi Unggulan SMB Palembang","akademi","swasta"
"P002","Akademi Akuntansi YPK Medan","akademi","swasta"
"P001","Akademi Analis Farmasi Dan Makanan Banda Aceh ","akademi","swasta"
"P002","Akademi Analis Farmasi dan Makanan Sari Mutiara","akademi","swasta"
"P005","Akademi Analis Kesehatan Harapan Bangsa","akademi","swasta"
"P006","Akademi Analis Kesehatan Pekanbaru","akademi","swasta"
"P001","Akademi Analis Kesehatan Pemerintah Aceh ","akademi","negeri"
"P008","Akademi Analis Kesehatan Provinsi Jambi","akademi","negeri"
"P007","Akademi Analis Kesehatan Putra Jaya Batam","akademi","swasta"
"P002","Akademi Analis Kesehatan Sari Mutiara","akademi","swasta"
"P003","Akademi Analis Kesehatan Widya Dharma","akademi","swasta"
"P004","Akademi Bahasa Asing Alaska Padang","akademi","swasta"
"P003","Akademi Bahasa Asing Bina Insan Indonesia","akademi","swasta"
"P009","Akademi Bahasa Asing Dian Cipta Cendikia","akademi","swasta"
"P009","Akademi Bahasa Asing Dian Cipta Cendikia Kotabumi","akademi","swasta"
"P004","Akademi Bahasa Asing H Agus Salim Bukittinggi","akademi","swasta"
"P008","Akademi Bahasa Asing Nurdin Hamzah","akademi","swasta"
"P007","Akademi Bahasa Asing Permata Harapan","akademi","swasta"
"P006","Akademi Bahasa Asing Persada Bunda","akademi","swasta"
"P007","Akademi Bahasa Asing Tanjung Pinang","akademi","swasta"
"P002","Akademi Bank dan Keuangan Swadaya","akademi","swasta"
"P009","Akademi Farmasi Cendikia Farma Husada","akademi","swasta"
"P004","Akademi Farmasi Dwi Farma","akademi","swasta"
"P004","Akademi Farmasi Imam Bonjol","akademi","swasta"
"P002","Akademi Farmasi Indah Deli Serdang","akademi","swasta"
"P001","Akademi Farmasi Nad ","akademi","negeri"
"P004","Akademi Farmasi Prayoga Padang","akademi","swasta"
"P008","Akademi Farmasi Propinsi Jambi","akademi","negeri"
"P004","Akademi Farmasi Ranah Minang","akademi","swasta"
"P005","Akademi Farmasi Yayasan Al-Fatah","akademi","swasta"
"P002","Akademi Farmasi Yayasan Tenaga Pembangunan Arjuna Laguboti","akademi","swasta"
"P001","Akademi Farmasi YPPM Mandiri ","akademi","swasta"
"P001","Akademi Fisioterapi Harapan Bangsa Banda Aceh ","akademi","swasta"
"P001","Akademi Fisioterapi Muhammadiyah Aceh ","akademi","swasta"
"P002","Akademi Fisioterapi Siti Hajar Medan","akademi","swasta"
"P004","Akademi Ilmu Komunikasi Padang","akademi","swasta"
"P002","Akademi Informatika Dan Komputer Medicom","akademi","swasta"
"P003","Akademi Kebidanan Abdurahman","akademi","swasta"
"P001","Akademi Kebidanan Adhira Mustika Gayo ","akademi","swasta"
"P009","Akademi Kebidanan Adila","akademi","swasta"
"P002","Akademi Kebidanan Agatha","akademi","swasta"
"P003","Akademi Kebidanan Agung Husada","akademi","swasta"
"P003","Akademi Kebidanan Aisyiyah Palembang","akademi","swasta"
"P003","Akademi Kebidanan Al-Sua Ibah Palembang","akademi","swasta"
"P009","Akademi Kebidanan Alifa Pringsewu Lampung","akademi","swasta"
"P004","Akademi Kebidanan Alifah Padang","akademi","swasta"
"P008","Akademi Kebidanan Amanah Muara Bungo","akademi","swasta"
"P009","Akademi Kebidanan An-Nur Husada Walisongo","akademi","swasta"
"P007","Akademi Kebidanan Anugerah Bintan","akademi","swasta"
"P002","Akademi Kebidanan Arta Kabanjahe","akademi","swasta"
"P002","Akademi Kebidanan As-Syifa Kisaran","akademi","swasta"
"P002","Akademi Kebidanan Audi Husada Medan","akademi","swasta"
"P008","Akademi Kebidanan Baiturrahim Jambi","akademi","swasta"
"P002","Akademi Kebidanan Bakti Inang Persada","akademi","swasta"
"P010","Akademi Kebidanan Bangka Belitung","akademi","swasta"
"P002","Akademi Kebidanan Baruna Husada Sibuhuan","akademi","swasta"
"P002","Akademi Kebidanan Bina Daya Husada","akademi","swasta"
"P002","Akademi Kebidanan Bina Husada Tebing Tinggi","akademi","swasta"
"P004","Akademi Kebidanan Bina Nusantara Mandiri","akademi","swasta"
"P002","Akademi Kebidanan Bina Sejahtera Ameta","akademi","swasta"
"P002","Akademi Kebidanan Budi Mulia","akademi","swasta"
"P008","Akademi Kebidanan Budi Mulia Jambi","akademi","swasta"
"P003","Akademi Kebidanan Budi Mulia Palembang","akademi","swasta"
"P003","Akademi Kebidanan Budi Mulia Prabumulih","akademi","swasta"
"P006","Akademi Kebidanan Bunda Serumpun","akademi","swasta"
"P001","Akademi Kebidanan Bunga Bangsa Idi ","akademi","swasta"
"P010","Akademi Kebidanan Bunga Bangsaku Bangka","akademi","swasta"
"P001","Akademi Kebidanan Bustanul Ulum Langsa ","akademi","swasta"
"P002","Akademi Kebidanan Cipto Medan","akademi","swasta"
"P002","Akademi Kebidanan Darmais Padangsidimpuan","akademi","swasta"
"P002","Akademi Kebidanan Darmo Medan","akademi","swasta"
"P001","Akademi Kebidanan Darul Husada ","akademi","swasta"
"P001","Akademi Kebidanan Darussalam ","akademi","swasta"
"P006","Akademi Kebidanan Dayang Suri","akademi","swasta"
"P005","Akademi Kebidanan Dehasen Bengkulu","akademi","swasta"
"P002","Akademi Kebidanan Deli Husada Delitua Medan","akademi","swasta"
"P002","Akademi Kebidanan Delima","akademi","swasta"
"P002","Akademi Kebidanan Dewi Maya","akademi","swasta"
"P006","Akademi Kebidanan Dharma Husada Pekanbaru","akademi","swasta"
"P004","Akademi Kebidanan Dharma Landbouw","akademi","swasta"
"P002","Akademi Kebidanan Eunice Rajawali Binjai","akademi","swasta"
"P002","Akademi Kebidanan Flora","akademi","swasta"
"P001","Akademi Kebidanan Gayo Lues ","akademi","swasta"
"P002","Akademi Kebidanan Hafsyah Medan","akademi","swasta"
"P009","Akademi Kebidanan Hampar Baiduri","akademi","swasta"
"P006","Akademi Kebidanan Hang Jebat","akademi","swasta"
"P001","Akademi Kebidanan Harapan Ibu Langsa ","akademi","swasta"
"P002","Akademi Kebidanan Harapan Keluarga","akademi","swasta"
"P002","Akademi Kebidanan Harapan Mama Deli Serdang","akademi","swasta"
"P002","Akademi Kebidanan Helvetia Medan","akademi","swasta"
"P006","Akademi Kebidanan Helvetia Pekanbaru","akademi","swasta"
"P002","Akademi Kebidanan Henderson","akademi","swasta"
"P003","Akademi Kebidanan Heppy Zal","akademi","swasta"
"P002","Akademi Kebidanan Hisarma Medan","akademi","swasta"
"P006","Akademi Kebidanan Husada Gemilang","akademi","swasta"
"P002","Akademi Kebidanan Ibtisam Aulia","akademi","swasta"
"P002","Akademi Kebidanan Ika Bina Labuhan Batu","akademi","swasta"
"P004","Akademi Kebidanan Imam Bonjol","akademi","swasta"
"P002","Akademi Kebidanan Imelda","akademi","swasta"
"P002","Akademi Kebidanan Indah","akademi","swasta"
"P006","Akademi Kebidanan Indragiri","akademi","swasta"
"P006","Akademi Kebidanan Internasional Pekanbaru","akademi","swasta"
"P008","Akademi Kebidanan Jakarta Mitra Sejahtera","akademi","swasta"
"P002","Akademi Kebidanan Jaya Wijaya","akademi","swasta"
"P008","Akademi Kebidanan Keluarga Bunda Jambi","akademi","swasta"
"P002","Akademi Kebidanan Kesehatan Baru","akademi","swasta"
"P002","Akademi Kebidanan Kharisma Husada Binjai","akademi","swasta"
"P002","Akademi kebidanan Kholisatur Rahmi Binjai","akademi","swasta"
"P006","Akademi Kebidanan Laksamana","akademi","swasta"
"P002","Akademi Kebidanan Langkat","akademi","swasta"
"P002","Akademi Kebidanan Madina Husada","akademi","swasta"
"P005","Akademi Kebidanan Manna","akademi","swasta"
"P002","Akademi Kebidanan Matorkis","akademi","swasta"
"P001","Akademi Kebidanan Medica Alas Leuser ","akademi","swasta"
"P001","Akademi Kebidanan Medica Bakti Nusantara ","akademi","swasta"
"P009","Akademi Kebidanan Medica Bakti Nusantara Bandar Lampung","akademi","swasta"
"P001","Akademi Kebidanan Medica Bakti Persada ","akademi","swasta"
"P001","Akademi Kebidanan Medica Putro Bungsu ","akademi","swasta"
"P001","Akademi Kebidanan Medika Anugerah Tasya ","akademi","swasta"
"P001","Akademi Kebidanan Medika Sri Tamiang ","akademi","swasta"
"P002","Akademi Kebidanan Medistra Lubuk Pakam","akademi","swasta"
"P008","Akademi Kebidanan Merangin","akademi","swasta"
"P001","Akademi kebidanan Meuligoe Nur Amin ","akademi","swasta"
"P002","Akademi Kebidanan Mitra Husada Medan","akademi","swasta"
"P004","Akademi Kebidanan Mitra Husada Padang","akademi","swasta"
"P002","Akademi Kebidanan Mitra Syuhada Padangsidimpuan","akademi","swasta"
"P001","Akademi Kebidanan Muhammadiyah Banda Aceh ","akademi","swasta"
"P009","Akademi Kebidanan Muhammadiyah Pringsewu","akademi","swasta"
"P001","Akademi Kebidanan Munawarrah Bireuen ","akademi","swasta"
"P001","Akademi Kebidanan Nadhirah ","akademi","swasta"
"P009","Akademi Kebidanan Nadira","akademi","swasta"
"P002","Akademi Kebidanan Namira Madina Panyabungan","akademi","swasta"
"P002","Akademi Kebidanan Nauli Husada","akademi","swasta"
"P001","Akademi Kebidanan Nurul Hasanah ","akademi","swasta"
"P002","Akademi Kebidanan Nusantara","akademi","swasta"
"P003","Akademi Kebidanan Nusantara Indonesia Lubuklinggau","akademi","swasta"
"P003","Akademi Kebidanan Nusantara Palembang","akademi","swasta"
"P002","Akademi Kebidanan Palapa Husada","akademi","swasta"
"P002","Akademi Kebidanan Paluta Husada","akademi","swasta"
"P009","Akademi Kebidanan Panca Bhakti","akademi","swasta"
"P004","Akademi Kebidanan Pasaman Barat","akademi","swasta"
"P006","Akademi Kebidanan Pasir Pengaraian","akademi","swasta"
"P009","Akademi Kebidanan Patriot Bangsa Husada","akademi","swasta"
"P006","Akademi Kebidanan Payung Pelalawan","akademi","swasta"
"P004","Akademi Kebidanan Pelita Andalas","akademi","swasta"
"P001","Akademi Kebidanan Pemkab Aceh Tengah Takengon ","akademi","negeri"
"P001","Akademi Kebidanan Pemkab Aceh Utara Lhokseumawe ","akademi","negeri"
"P002","Akademi Kebidanan Pemkab Karo Kabanjahe","akademi","negeri"
"P003","Akademi Kebidanan Pemkab Muara Enim","akademi","negeri"
"P002","Akademi Kebidanan Pemkot Tebing Tinggi","akademi","negeri"
"P005","Akademi Kebidanan Pemprov Bengkulu","akademi","negeri"
"P003","Akademi Kebidanan Persada Palembang","akademi","swasta"
"P006","Akademi Kebidanan Petro Mandau Husada","akademi","swasta"
"P001","Akademi Kebidanan Pidie Jaya ","akademi","swasta"
"P003","Akademi Kebidanan Pondok Pesantren Assanadiyah","akademi","swasta"
"P008","Akademi Kebidanan Prima Jambi","akademi","swasta"
"P004","Akademi Kebidanan Prima Nusantara","akademi","swasta"
"P001","Akademi Kebidanan Public Health Medical Nursing ","akademi","swasta"
"P004","Akademi Kebidanan Puteri Andalas","akademi","swasta"
"P007","Akademi Kebidanan Putra Jaya Mandiri Batam","akademi","swasta"
"P004","Akademi Kebidanan Putri Bangsa Pariaman","akademi","swasta"
"P004","Akademi Kebidanan Ranah Minang","akademi","swasta"
"P003","Akademi Kebidanan Rangga Husada Prabumulih","akademi","swasta"
"P003","Akademi Kebidanan Rizki Patya","akademi","swasta"
"P002","Akademi Kebidanan Rumah Sakit Haji Medan","akademi","swasta"
"P001","Akademi Kebidanan Saleha ","akademi","swasta"
"P006","Akademi Kebidanan Salma","akademi","swasta"
"P003","Akademi Kebidanan Sapta Karya","akademi","swasta"
"P002","Akademi Kebidanan Sari Husada","akademi","swasta"
"P002","Akademi Kebidanan Sari Mutiara","akademi","swasta"
"P006","Akademi Kebidanan Satu Enam Lima","akademi","swasta"
"P002","Akademi Kebidanan Sehat Medan","akademi","swasta"
"P002","Akademi Kebidanan Sehati","akademi","swasta"
"P006","Akademi Kebidanan Sempena Negeri Pekanbaru","akademi","swasta"
"P002","Akademi Kebidanan Senior","akademi","swasta"
"P002","Akademi Kebidanan Sentral","akademi","swasta"
"P002","Akademi Kebidanan Sifra Husada","akademi","swasta"
"P004","Akademi Kebidanan Sumatera Barat","akademi","swasta"
"P010","Akademi Kebidanan Sungailiat Bangka","akademi","swasta"
"P002","Akademi Kebidanan Takasima Kabanjahe","akademi","swasta"
"P002","Akademi Kebidanan Tarutung Pemkab Tapanuli Utara","akademi","negeri"
"P006","Akademi Kebidanan Tuanku Tambusai","akademi","swasta"
"P003","Akademi Kebidanan Tunas Harapan Bangsa","akademi","swasta"
"P006","Akademi Kebidanan Tuti Rahayu","akademi","swasta"
"P006","Akademi Kebidanan Umi Bagan Batu","akademi","swasta"
"P009","Akademi Kebidanan Wahana Husada Bandar Jaya","akademi","swasta"
"P002","Akademi Kebidanan Widya Husada","akademi","swasta"
"P004","Akademi Kebidanan Widya Husada SUmatera Barat","akademi","swasta"
"P009","Akademi Kebidanan Wira Buana","akademi","swasta"
"P001","Akademi Kebidanan Yayasan Pendidikan Mona ","akademi","swasta"
"P002","Akademi Kebidanan YYS Pendidikan Dr Rusdi Medan","akademi","swasta"
"P002","Akademi Keperawatan Abdi Florensia","akademi","swasta"
"P001","Akademi Keperawatan Abulyatama ","akademi","swasta"
"P004","Akademi Keperawatan Aisyiyah Padang","akademi","swasta"
"P003","Akademi Keperawatan Aisyiyah Palembang","akademi","swasta"
"P003","Akademi Keperawatan Al Ma Arif","akademi","swasta"
"P002","Akademi Keperawatan Arta Kaban Jahe","akademi","swasta"
"P009","Akademi Keperawatan Baitul Hikmah","akademi","swasta"
"P004","Akademi Keperawatan Baiturrahmah","akademi","swasta"
"P002","Akademi Keperawatan Bas Balimbingan Pematang Siantar","akademi","swasta"
"P002","Akademi Keperawatan Bina Husada Tebing Tinggi","akademi","swasta"
"P008","Akademi Keperawatan Bina Insani Sakti","akademi","swasta"
"P002","Akademi Keperawatan Binalita Sudama","akademi","swasta"
"P009","Akademi Keperawatan Bunda Delima","akademi","swasta"
"P002","Akademi Keperawatan Columbia Asia","akademi","swasta"
"P002","Akademi Keperawatan Darmo Medan","akademi","swasta"
"P002","Akademi Keperawatan Deli Husada Delitua Medan","akademi","swasta"
"P006","Akademi Keperawatan Dharma Husada Pekanbaru","akademi","swasta"
"P009","Akademi Keperawatan Dharma Wacana","akademi","swasta"
"P002","Akademi Keperawatan Flora","akademi","swasta"
"P008","Akademi Keperawatan Garuda Putih Jambi","akademi","swasta"
"P002","Akademi Keperawatan Gunungsitoli Pemerintah Kabupaten Nias","akademi","negeri"
"P002","Akademi Keperawatan Harapan Mama Deli Serdang","akademi","swasta"
"P002","Akademi Keperawatan Helvetia Medan","akademi","swasta"
"P002","Akademi Keperawatan HKBP Balige","akademi","swasta"
"P001","Akademi Keperawatan Ibnu Sina Kota Sabang ","akademi","swasta"
"P002","Akademi Keperawatan Imelda Medan","akademi","swasta"
"P002","Akademi Keperawatan Indah","akademi","swasta"
"P001","Akademi Keperawatan Jabal Ghafur ","akademi","swasta"
"P008","Akademi Keperawatan Jambi","akademi","swasta"
"P002","Akademi Keperawatan Kesdam I/Bukit Barisan Binjai","akademi","swasta"
"P002","Akademi Keperawatan Kesdam I/Bukit Barisan Medan","akademi","swasta"
"P004","Akademi Keperawatan Kesdam I/Bukit Barisan Padang","akademi","swasta"
"P002","Akademi Keperawatan Kesdam I/Bukit Barisan Pematang Siantar","akademi","swasta"
"P003","Akademi Keperawatan Kesdam II Sriwijaya","akademi","swasta"
"P001","Akademi Keperawatan Kesdam Iskandar Muda Banda Aceh ","akademi","swasta"
"P001","Akademi Keperawatan Kesdam Iskandar Muda Lhokseumawe ","akademi","swasta"
"P009","Akademi Keperawatan Malahayati Bandar Lampung","akademi","swasta"
"P002","Akademi Keperawatan Malahayati Medan","akademi","swasta"
"P002","Akademi Keperawatan Medistra Lubuk Pakam","akademi","swasta"
"P007","Akademi Keperawatan Mitra Bunda Persada","akademi","swasta"
"P001","Akademi Keperawatan Muhammadiyah Bireuen ","akademi","swasta"
"P009","Akademi Keperawatan Muhammadiyah Pringsewu","akademi","swasta"
"P004","Akademi Keperawatan Nabila","akademi","swasta"
"P004","Akademi Keperawatan Nan Tongga","akademi","swasta"
"P002","Akademi Keperawatan Nauli Husada","akademi","swasta"
"P009","Akademi Keperawatan Panca Bhakti","akademi","swasta"
"P010","Akademi Keperawatan Pangkalpinang","akademi","swasta"
"P003","Akademi Keperawatan Pembina","akademi","swasta"
"P001","Akademi Keperawatan Pemkab Aceh Selatan ","akademi","negeri"
"P001","Akademi Keperawatan Pemkab Aceh Tenggara ","akademi","negeri"
"P001","Akademi Keperawatan Pemkab Aceh Utara ","akademi","negeri"
"P002","Akademi Keperawatan Pemkab Asahan Kisaran","akademi","negeri"
"P010","Akademi Keperawatan Pemkab Belitung","akademi","negeri"
"P002","Akademi Keperawatan Pemkab Dairi","akademi","negeri"
"P002","Akademi Keperawatan Pemkab Labuhan Batu","akademi","negeri"
"P003","Akademi Keperawatan Pemkab Lahat","akademi","negeri"
"P002","Akademi Keperawatan Pemkab Langkat","akademi","negeri"
"P003","Akademi Keperawatan Pemkab Musi Banyuasin","akademi","negeri"
"P004","Akademi Keperawatan Pemkab Padang Pariaman","akademi","negeri"
"P001","Akademi Keperawatan Pemkab Pidie Di Sigli ","akademi","negeri"
"P002","Akademi Keperawatan Pemkab Tapanuli Tengah","akademi","negeri"
"P002","Akademi Keperawatan Pemkab Tapanuli Utara","akademi","swasta"
"P005","Akademi Keperawatan Pemprov Bengkulu","akademi","negeri"
"P008","Akademi Keperawatan Prima Jambi","akademi","swasta"
"P004","Akademi Keperawatan Purna Bhakti Husada","akademi","swasta"
"P002","Akademi Keperawatan RSU Herna","akademi","swasta"
"P002","Akademi Keperawatan RSU Hisarma Medan","akademi","swasta"
"P002","Akademi Keperawatan Rumah Sakit Haji Medan","akademi","swasta"
"P003","Akademi Keperawatan Sapta Karya","akademi","swasta"
"P002","Akademi Keperawatan Sari Husada","akademi","swasta"
"P002","Akademi Keperawatan Sari Mutiara Medan","akademi","swasta"
"P002","Akademi Keperawatan Sehat Binjai","akademi","swasta"
"P008","Akademi Keperawatan Setih Setio","akademi","swasta"
"P006","Akademi Keperawatan Sri Bunga Tanjung","akademi","swasta"
"P002","Akademi Keperawatan Surya Nusantara","akademi","swasta"
"P002","Akademi Keperawatan Syuhada Padangsidempuan","akademi","swasta"
"P002","Akademi Keperawatan Takasima Kabanjahe","akademi","swasta"
"P002","Akademi Keperawatan Teladan Bahagia","akademi","swasta"
"P001","Akademi Keperawatan Teungku Fakinah Banda Aceh ","akademi","swasta"
"P001","Akademi Keperawatan Tjoet Nya Dhien Banda Aceh ","akademi","negeri"
"P002","Akademi Keperawatan Wirahusada Medan","akademi","swasta"
"P001","Akademi Keperawatan Yappkes Aceh Singkil ","akademi","swasta"
"P008","Akademi Keperawatan YPSBR Muara Bulian","akademi","swasta"
"P004","Akademi Keperawatan YPTK Solok","akademi","swasta"
"P004","Akademi Kesehatan Fisioterapi","akademi","swasta"
"P006","Akademi Kesehatan John Paul II Pekanbaru","akademi","swasta"
"P007","Akademi Kesehatan Kartini Batam","akademi","swasta"
"P002","Akademi Kesehatan Lingkungan Binalita Sudama","akademi","swasta"
"P001","Akademi Kesehatan Lingkungan Jabal Ghafur ","akademi","swasta"
"P003","Akademi Kesehatan Lingkungan Pemprov Sumatera Selatan","akademi","negeri"
"P006","Akademi Kesehatan Provinsi Riau","akademi","negeri"
"P005","Akademi Kesehatan Yayasan Sapta Bakti Bengkulu","akademi","swasta"
"P006","Akademi Kesenian Melayu Riau","akademi","swasta"
"P002","Akademi Keuangan Dan Perbankan ICM Cantrika Mitra","akademi","swasta"
"P003","Akademi Keuangan Dan Perbankan Mulia Darma Pratama","akademi","swasta"
"P004","Akademi Keuangan Dan Perbankan Padang","akademi","swasta"
"P006","Akademi Keuangan Dan Perbankan Riau","akademi","swasta"
"P001","Akademi Keuangan Perbankan Nasional ","akademi","swasta"
"P001","Akademi Keuangan Perbankan Nusantara ","akademi","swasta"
"P010","Akademi Komunitas Dharma Bhakti Bangka","akademi","swasta"
"P007","Akademi Komunitas Digital Kreatif Malay Batam","akademi","swasta"
"P003","Akademi Komunitas Industri Pertambangan Bukit Asam","akademi","swasta"
"P001","Akademi Komunitas Negeri Aceh Barat ","akademi","negeri"
"P005","Akademi Komunitas Negeri Rejang Lebong","akademi","negeri"
"P003","Akademi Komunitas Palembang","akademi","swasta"
"P004","Akademi Koperasi Sumbar","akademi","swasta"
"P001","Akademi Manajemen Banda Aceh ","akademi","swasta"
"P010","Akademi Manajemen Belitung","akademi","swasta"
"P004","Akademi Manajemen El-hakim","akademi","swasta"
"P002","Akademi Manajemen Gunung Leuser","akademi","swasta"
"P004","Akademi Manajemen Informatika & Komputer Jaya Nusa","akademi","swasta"
"P002","Akademi Manajemen Informatika & Komputer Multicom","akademi","swasta"
"P009","Akademi Manajemen Informatika & Komputer Starteck","akademi","swasta"
"P002","Akademi Manajemen Informatika & Komputer Universal","akademi","swasta"
"P006","Akademi Manajemen Informatika Dan Komputer Dumai","akademi","swasta"
"P007","Akademi Manajemen Informatika Dan Komputer Gici","akademi","swasta"
"P002","Akademi Manajemen Informatika dan Komputer Imelda","akademi","swasta"
"P002","Akademi Manajemen Informatika Dan Komputer Itmi","akademi","swasta"
"P004","Akademi Manajemen Informatika Dan Komputer Kosgoro","akademi","swasta"
"P009","Akademi Manajemen Informatika Dan Komputer Lampung","akademi","swasta"
"P002","Akademi Manajemen Informatika Dan Komputer Logika","akademi","swasta"
"P003","Akademi Manajemen Informatika Dan Komputer Mdp","akademi","swasta"
"P002","Akademi Manajemen Informatika Dan Komputer Medan","akademi","swasta"
"P002","Akademi Manajemen Informatika dan Komputer Royal","akademi","swasta"
"P008","Akademi Manajemen Koperasi Graha Karya","akademi","swasta"
"P001","Akademi Maritim Aceh Darussalam ","akademi","swasta"
"P002","Akademi Maritim Belawan","akademi","swasta"
"P003","Akademi Maritim Bina Bahari","akademi","swasta"
"P002","Akademi Maritim Indonesia Medan","akademi","swasta"
"P001","Akademi Maritim Nusantara Malahayati ","akademi","swasta"
"P004","Akademi Maritim Sapta Samudra","akademi","swasta"
"P004","Akademi Pariwisata Bunda Padang","akademi","swasta"
"P002","Akademi Pariwisata Dan Perhotelan Darma Agung","akademi","swasta"
"P006","Akademi Pariwisata Engku Putri Hamidah","akademi","swasta"
"P002","Akademi Pariwisata Medan","akademi","negeri"
"P002","Akademi Pariwisata Medan Hotel School","akademi","swasta"
"P001","Akademi Pariwisata Muhammadiyah Banda Aceh ","akademi","swasta"
"P002","Akademi Pariwisata Nusantara Medan","akademi","swasta"
"P004","Akademi Pariwisata Paramitha Bukittinggi","akademi","swasta"
"P009","Akademi Pariwisata Satu Nusa","akademi","swasta"
"P002","Akademi Pariwisata Taman Harapan","akademi","swasta"
"P002","Akademi Pariwisata ULCLA","akademi","swasta"
"P003","Akademi Pariwisata Widya Dharma","akademi","swasta"
"P004","Akademi Pembangunan Pertanian Lubuk Alung","akademi","swasta"
"P002","Akademi Pendidikan Kesehatan Talitakum","akademi","swasta"
"P001","Akademi Perekam dan Info Kes Sihat Beurata ","akademi","swasta"
"P002","Akademi Perekam Medik Dan Infokes Imelda","akademi","swasta"
"P009","Akademi Perikanan Bhima Sakti","akademi","swasta"
"P001","Akademi Perikanan Dan Ilmu Kelautan ","akademi","swasta"
"P003","Akademi Perikanan Wachyuni Mandira","akademi","swasta"
"P002","Akademi Perniagaan dan Perusahaan APIPSU","akademi","swasta"
"P009","Akademi Perpajakan Tridarma","akademi","swasta"
"P004","Akademi Perpajakan YPKM","akademi","swasta"
"P002","Akademi Pertanian Gunung Sitoli","akademi","swasta"
"P002","Akademi Refraksi Optisi Binalita Sudama","akademi","swasta"
"P004","Akademi Refraksi Optisi YLPTK","akademi","swasta"
"P003","Akademi Sains Dan Teknologi Pembangunan","akademi","swasta"
"P004","Akademi Sekretari Dan Manajemen Indonesia Padang","akademi","swasta"
"P008","Akademi Sekretari Dan Manajemen Jambi","akademi","swasta"
"P006","Akademi Sekretari Dan Manajemen Persada Bunda","akademi","swasta"
"P003","Akademi Sekretari Dan Manajemen Sriwijaya","akademi","swasta"
"P002","Akademi Sekretari Manajemen Cendana","akademi","swasta"
"P002","Akademi Sekretari Manajemen Lancang Kuning","akademi","swasta"
"P002","Akademi Sekretari Manajemen Maria Goreti","akademi","swasta"
"P001","Akademi Sekretari Manajemen Nusantara ","akademi","swasta"
"P001","Akademi Sekretari Manajemen Tanah Rencong ","akademi","swasta"
"P008","Akademi Teknik Adikarya","akademi","swasta"
"P002","Akademi Teknik dan Keselamatan Penerbangan Medan","akademi","negeri"
"P002","Akademi Teknik Deli Serdang Lubuk Pakam","akademi","swasta"
"P002","Akademi Teknik Elektro Medik Binalita Sudama","akademi","swasta"
"P001","Akademi Teknik Elektromedik Kupula Aceh ","akademi","swasta"
"P004","Akademi Teknik Gigi YLPTK Padang","akademi","swasta"
"P002","Akademi Teknik Indonesia Cut Meutia","akademi","swasta"
"P001","Akademi Teknik Radiodiagnostik Dan Radioterapi Banda Aceh ","akademi","swasta"
"P004","Akademi Teknik Taman Siswa","akademi","swasta"
"P002","Akademi Teknologi Industri Immanuel","akademi","swasta"
"P004","Akademi Teknologi Industri Padang","akademi","negeri"
"P002","Akademi Teknologi Kimia Industri Medan","akademi","negeri"
"P002","Akademi Teknologi Lorena","akademi","swasta"
"P004","Akademi Teknologi Pratama","akademi","swasta"
"P009","Akademi Teknologi Pringsewu","akademi","swasta"
"P008","Akademi Telekomunikasi Indonesia Jambi","akademi","swasta"
"P002","Akademik Kebidanan Armina Centre Panyabungan","akademi","swasta"
"P001","Akademik Teknik Otomotif Banda Aceh ","akademi","swasta"
"P009","AKAFARMA Putra Indonesia Lampung","akademi","swasta"
"P009","Akbid Gemilang Husada Kotabumi","akademi","swasta"
"P003","Akd Teknik Radiodiag. Dan Radioterapi Widya Dharma","akademi","swasta"
"P002","AKPER Gita Matura Abadi Kisaran","akademi","swasta"
"P002","Akper Pemkot Tanjung Balai","akademi","negeri"
"P002","AKPER Tenaga Pembangunan Arjuna Laguboti","akademi","swasta"
"P009","AKTEK Radiodiagnostik & Radioterapi Patriot Bangsa","akademi","swasta"
"P003","AMIK AKMI","akademi","swasta"
"P010","AMIK Atma Luhur","akademi","swasta"
"P003","AMIK Bina Sriwijaya","akademi","swasta"
"P004","AMIK Bukittinggi","akademi","swasta"
"P004","AMIK Datuk Parpatiah Nan Sabatang","akademi","swasta"
"P008","AMIK Depati Parbo Kerinci","akademi","swasta"
"P009","AMIK Dian Cipta Cendikia","akademi","swasta"
"P009","AMIK Dian Cipta Cendikia Pringsewu","akademi","swasta"
"P002","AMIK Harapan Medan ","akademi","swasta"
"P001","AMIK Indonesia ","akademi","swasta"
"P002","AMIK Intel Com Global Indo Kisaran ","akademi","swasta"
"P001","AMIK Jabal Ghafur ","akademi","swasta"
"P002","AMIK Labuhan Batu ","akademi","swasta"
"P003","AMIK Lembah Dempo","akademi","swasta"
"P006","AMIK Mahaputra Riau","akademi","swasta"
"P009","AMIK Master Lampung","akademi","swasta"
"P002","AMIK Medan Business Polytechnic ","akademi","swasta"
"P006","AMIK Mitra Gama","akademi","swasta"
"P009","AMIK Mitra Lampung","akademi","swasta"
"P002","AMIK Parbina Nusantara ","akademi","swasta"
"P002","AMIK Polibisnis Medan ","akademi","swasta"
"P006","AMIK Selat Panjang","akademi","swasta"
"P003","AMIK Sigma","akademi","swasta"
"P002","AMIK Stiekom Sumatera Utara ","akademi","swasta"
"P009","AMIK Teknokrat","akademi","swasta"
"P006","AMIK Tri Dharma Pekanbaru","akademi","swasta"
"P002","AMIK Tunas Bangsa ","akademi","swasta"
"P002","AMIK Widya Loka Medan ","akademi","swasta"
"P004","Apikes Iris","akademi","swasta"
"P003","Apikes Widya Dharma","akademi","swasta"
"P002","ATRO Yayasan Amal Bakti Medan ","akademi","swasta"
"P009","IAI Agus Salim Metro Lampung","institut","swasta"
"P001","IAIN Ar-raniry ","institut","negeri"
"P005","IAIN Bengkulu","institut","negeri"
"P004","IAIN Bukittinggi","institut","negeri"
"P004","IAIN Imam Bonjol Padang","institut","negeri"
"P001","IAIN Langsa ","institut","negeri"
"P003","IAIN Raden Fatah Palembang","institut","negeri"
"P009","IAIN Raden Intan Lampung","institut","negeri"
"P008","IAIN Sultan Thaha Saifuddin Jambi","institut","negeri"
"P002","IAIN Sumatera Utara","institut","negeri"
"P002","IKIP Gunung Sitoli","institut","swasta"
"P003","Institut Agama Islam (IAI) Al-Azhaar Lubuklinggau","institut","swasta"
"P007","Institut Agama Islam Abdullah Said Batam","institut","swasta"
"P009","Institut Agama Islam Agus Salim Metro Lampung","institut","swasta"
"P001","Institut Agama Islam Al-Aziziyah Samalanga Bireuen Aceh ","institut","swasta"
"P001","Institut Agama Islam Almuslim Aceh ","institut","swasta"
"P009","Institut Agama Islam An Nur Lampung","institut","swasta"
"P006","Institut Agama Islam Ar Risalah Inhil Riau ","institut","swasta"
"P002","Institut Agama Islam Daar Al-Ulum (IAIDU) Asahan","institut","swasta"
"P006","Institut Agama Islam Edi Haryono Madani ","institut","swasta"
"P009","Institut Agama Islam Maarif NU Metro Lampung","institut","swasta"
"P004","Institut Agama Islam Negeri Batusangkar","institut","negeri"
"P005","Institut Agama Islam Negeri Curup","institut","negeri"
"P008","Institut Agama Islam Negeri Kerinci","institut","negeri"
"P001","Institut Agama Islam Negeri Lhokseumawe ","institut","negeri"
"P009","Institut Agama Islam Negeri Metro","institut","negeri"
"P002","Institut Agama Islam Negeri Padangsidimpuan","institut","negeri"
"P010","Institut Agama Islam Negeri Syaikh Abdurrahman Siddik Bangka Belitung","institut","negeri"
"P008","Institut Agama Islam Nusantara Batang Hari","institut","swasta"
"P006","Institut Agama Islam Pelalawan Riau","institut","swasta"
"P004","Institut Agama Islam Sumbar","institut","swasta"
"P006","Institut Agama Islam Tafaqquh Fiddin Dumai ","institut","swasta"
"P008","Institut Agama Islam Tebo","institut","swasta"
"P003","Institut Agama Islam Widya Dharma Palembang","institut","swasta"
"P008","Institut Agama Islam Yasni Bungo","institut","swasta"
"P002","Institut Agama Kristen Negeri Tarutung","institut","negeri"
"P006","Institut Bisnis Dan Teknologi Pelita Indonesia","institut","swasta"
"P002","Institut Bisnis Informasi Teknologi dan Bisnis","institut","swasta"
"P003","Institut Ilmu Kesehatan dan Teknologi Muhammadiyah Palembang","institut","swasta"
"P009","Institut Informatika Dan Bisnis Darmajaya","institut","swasta"
"P002","Institut Kesehatan Deli Husada Deli Tua","institut","swasta"
"P002","Institut Kesehatan Helvetia","institut","swasta"
"P002","Institut Kesehatan Medistra Lubuk Pakam","institut","swasta"
"P007","Institut Kesehatan Mitra Bunda","institut","swasta"
"P004","Institut Kesehatan Prima Nusantara Bukittinggi","institut","swasta"
"P002","Institut Kesehatan Sumatera Utara","institut","swasta"
"P002","Institut Pendidikan Tapanuli Selatan","institut","swasta"
"P006","Institut Sains Al Quran Syekh Ibrahim Pasir Pangaraian Rokan Hulu","institut","swasta"
"P010","Institut Sains dan Bisnis Atma Luhur","institut","swasta"
"P004","Institut Sains Dan Teknologi Pembangunan Nusantara","institut","swasta"
"P002","Institut Sains Dan Teknologi Td Pardede","institut","swasta"
"P001","Institut Seni Budaya Indonesia Aceh ","institut","negeri"
"P004","Institut Seni Indonesia Padang Panjang","institut","negeri"
"P007","Institut Teknologi Batam","institut","swasta"
"P009","Institut Teknologi dan Bisnis Diniyyah Lampung","institut","swasta"
"P002","Institut Teknologi dan Bisnis Indonesia","institut","swasta"
"P003","Institut Teknologi dan Bisnis Lembah Dempo","institut","swasta"
"P009","Institut Teknologi dan Bisnis Mesuji","institut","swasta"
"P008","Institut Teknologi dan Bisnis Pelita Raya","institut","swasta"
"P002","Institut Teknologi dan Bisnis Sumatera Utara","institut","swasta"
"P002","Institut Teknologi dan Kesehatan Sumatera Utara","institut","swasta"
"P002","Institut Teknologi Del","institut","swasta"
"P002","Institut Teknologi Medan","institut","swasta"
"P004","Institut Teknologi Padang","institut","swasta"
"P009","Institut Teknologi Sumatera","institut","negeri"
"P001","Politeknik Aceh ","politeknik","swasta"
"P001","Politeknik Aceh Selatan ","politeknik","swasta"
"P002","Politeknik Adiguna Maritim Indonesia Medan ","politeknik","swasta"
"P004","Politeknik Aisyiyah Sumatera Barat","politeknik","swasta"
"P003","Politeknik Akamigas Palembang","politeknik","swasta"
"P003","Politeknik Anika Palembang","politeknik","swasta"
"P004","Politeknik ATI Padang","politeknik","negeri"
"P007","Politeknik Batam","politeknik","swasta"
"P006","Politeknik Bengkalis","politeknik","swasta"
"P007","Politeknik Bintan Cakrawala","politeknik","swasta"
"P002","Politeknik Bisnis Indonesia ","politeknik","swasta"
"P006","Politeknik Caltex Riau ","politeknik","swasta"
"P002","Politeknik Cendana ","politeknik","swasta"
"P010","Politeknik Darma Ganesha","politeknik","swasta"
"P003","Politeknik Darussalam","politeknik","swasta"
"P009","Politeknik Gajah Sakti","politeknik","swasta"
"P002","Politeknik Ganesha Medan ","politeknik","swasta"
"P002","Politeknik Gihon ","politeknik","swasta"
"P001","Politeknik Indonesia Venezuela ","politeknik","swasta"
"P002","Politeknik Informatika Del Toba Samosir ","politeknik","swasta"
"P002","Politeknik IT&B Medan ","politeknik","swasta"
"P008","Politeknik Jambi","politeknik","swasta"
"P006","Politeknik Kampar","politeknik","swasta"
"P006","Politeknik Kelautan dan Perikanan Dumai","politeknik","negeri"
"P006","Politeknik Kesehatan Kementerian Kesehatan","politeknik","negeri"
"P009","Politeknik Kesehatan Kesuma Bangsa","politeknik","swasta"
"P005","Politeknik Kesehatan Provinsi Bengkulu","politeknik","negeri"
"P004","Politeknik Kesehatan Siteba","politeknik","swasta"
"P002","Politeknik Kesehatan YRSU Dr Rusdi ","politeknik","swasta"
"P001","Politeknik Kutaraja ","politeknik","swasta"
"P002","Politeknik LPI Medan ","politeknik","swasta"
"P002","Politeknik Mandiri Bina Prestasi ","politeknik","swasta"
"P010","Politeknik Manufaktur Negeri Bangka Belitung","politeknik","negeri"
"P010","Politeknik Manufaktur Timah","politeknik","swasta"
"P003","Politeknik Muara Dua","politeknik","swasta"
"P007","Politeknik Negeri Batam","politeknik","negeri"
"P006","Politeknik Negeri Bengkalis","politeknik","negeri"
"P009","Politeknik Negeri Lampung","politeknik","negeri"
"P001","Politeknik Negeri Lhokseumawe ","politeknik","negeri"
"P002","Politeknik Negeri Medan","politeknik","negeri"
"P004","Politeknik Negeri Padang","politeknik","negeri"
"P003","Politeknik Negeri Sriwijaya","politeknik","negeri"
"P003","Politeknik Palcomtech","politeknik","swasta"
"P007","Politeknik Pariwisata Batam","politeknik","swasta"
"P002","Politeknik Pariwisata Medan","politeknik","negeri"
"P003","Politeknik Pariwisata Palembang","politeknik","negeri"
"P006","Politeknik Pasir Pengaraian","politeknik","swasta"
"P001","Politeknik Pelayaran Malahayati ","politeknik","negeri"
"P004","Politeknik Pelayaran Sumatera Barat","politeknik","negeri"
"P002","Politeknik Pembangunan Pertanian Medan","politeknik","negeri"
"P002","Politeknik Penerbangan Medan","politeknik","negeri"
"P003","Politeknik Penerbangan Palembang","politeknik","negeri"
"P004","Politeknik Pertanian Negeri Payakumbuh","politeknik","negeri"
"P002","Politeknik Poliprofesi Medan ","politeknik","swasta"
"P002","Politeknik Profesional Mandiri ","politeknik","swasta"
"P002","Politeknik Santo Thomas ","politeknik","swasta"
"P003","Politeknik Sekayu","politeknik","swasta"
"P002","Politeknik Tanjungbalai ","politeknik","swasta"
"P002","Politeknik Teknologi Kimia Industri Medan","politeknik","negeri"
"P003","Politeknik Transportasi Sungai Danau dan Penyeberangan","politeknik","negeri"
"P004","Politeknik Tri Dharma","politeknik","swasta"
"P002","Politeknik Trijaya Krama ","politeknik","swasta"
"P002","Politeknik Tugu  Medan ","politeknik","swasta"
"P002","Politeknik Unggul LPM ","politeknik","swasta"
"P002","Politeknik Wilmar Bisnis Indonesia ","politeknik","swasta"
"P002","Politeknik Yanada ","politeknik","swasta"
"P003","Politeknik YPPB Belitang","politeknik","swasta"
"P005","Poltekkes Kemenkes Bengkulu","politeknik","negeri"
"P008","Poltekkes Kemenkes Jambi","politeknik","negeri"
"P002","Poltekkes Kemenkes Medan","politeknik","negeri"
"P004","Poltekkes Kemenkes Padang","politeknik","negeri"
"P003","Poltekkes Kemenkes Palembang","politeknik","negeri"
"P010","Poltekkes Kemenkes Pangkal Pinang","politeknik","negeri"
"P009","Poltekkes Kemenkes Tanjung Karang","politeknik","negeri"
"P007","Poltekkes Kemenkes Tanjung Pinang","politeknik","negeri"
"P002","S.T. Manajemen Bisnis Multi Sarana Manajemen Administrasi dan Rekayasa Teknologi ","SekolahTinggi","swasta"
"P002","Sekolah Tinggi Agama Buddha Bodhi Dharma ","SekolahTinggi","swasta"
"P002","Sekolah Tinggi Agama Buddha Dharmaduta Mahayana Tanah Suci Indonesia ","SekolahTinggi","swasta"
"P006","Sekolah Tinggi Agama Buddha Maitreyawira","SekolahTinggi","swasta"
"P009","Sekolah Tinggi Agama Hindu Lampung","SekolahTinggi","negeri"
"P001","Sekolah Tinggi Agama Islam Aceh Tamiang ","SekolahTinggi","swasta"
"P006","Sekolah Tinggi Agama Islam Al Mujtahadah Pekanbaru","SekolahTinggi","swasta"
"P009","Sekolah Tinggi Agama Islam Al-Ma`arif Way Kanan","SekolahTinggi","swasta"
"P003","Sekolah Tinggi Agama Islam Ash-Shiddiqiyah Lempuing Jaya OKI","SekolahTinggi","swasta"
"P003","Sekolah Tinggi Agama Islam Baturaja","SekolahTinggi","swasta"
"P009","Sekolah Tinggi Agama Islam Ibnu Rusyd","SekolahTinggi","swasta"
"P007","Sekolah Tinggi Agama Islam Nahdlatul Ulama Kepulauan Riau","SekolahTinggi","swasta"
"P006","Sekolah Tinggi Agama Islam Negeri Bengkalis","SekolahTinggi","negeri"
"P002","Sekolah Tinggi Agama Islam Negeri Mandailing Natal","SekolahTinggi","negeri"
"P007","Sekolah Tinggi Agama Islam Negeri Sultan Abdurrahman Kepulauan Riau","SekolahTinggi","negeri"
"P001","Sekolah Tinggi Agama Islam Nurul Arafah Panton Labu Aceh Utara ","SekolahTinggi","swasta"
"P002","Sekolah Tinggi Agama Islam Nurul Ilmi Tanjungbalai ","SekolahTinggi","swasta"
"P001","Sekolah Tinggi Agama Islam Perguruan Tinggi Ilmu Al-Quran Aceh ","SekolahTinggi","swasta"
"P006","Sekolah Tinggi Agama Islam Sulthan Syarif Hasyim Siak Sri Indrapura Riau","SekolahTinggi","swasta"
"P008","Sekolah Tinggi Agama Islam YASNI Muara Bungo","SekolahTinggi","swasta"
"P002","Sekolah Tinggi Agama Kristen Bina Citra Persada Medan ","SekolahTinggi","swasta"
"P002","Sekolah Tinggi Agama Kristen Emmanuel Agung Nias ","SekolahTinggi","swasta"
"P007","Sekolah Tinggi Agama Kristen PAIS Batam","SekolahTinggi","swasta"
"P002","Sekolah Tinggi Akuntansi dan Manajemen Indonesia ","SekolahTinggi","swasta"
"P001","Sekolah Tinggi Alkitab GPDI Beiji ","SekolahTinggi","swasta"
"P002","Sekolah Tinggi Bahasa Asing Harapan ","SekolahTinggi","swasta"
"P003","Sekolah Tinggi Bahasa Asing Methodist","SekolahTinggi","swasta"
"P006","Sekolah Tinggi Bahasa Asing Persada Bunda","SekolahTinggi","swasta"
"P004","Sekolah Tinggi Bahasa Asing Prayoga","SekolahTinggi","swasta"
"P002","Sekolah Tinggi Bahasa Asing Swadaya Medan ","SekolahTinggi","swasta"
"P009","Sekolah Tinggi Bahasa Asing Teknokrat","SekolahTinggi","swasta"
"P003","Sekolah Tinggi Bahasa Asing Widya Dharma Palembang","SekolahTinggi","swasta"
"P009","Sekolah Tinggi Bahasa Asing Yunisla Bandar Lampung","SekolahTinggi","swasta"
"P002","Sekolah Tinggi Bibelvrouw HKBP Laguboti ","SekolahTinggi","swasta"
"P002","Sekolah Tinggi Diakones HKBP Balige ","SekolahTinggi","swasta"
"P009","Sekolah Tinggi Ekonomi Bisnis Islam Liwa","SekolahTinggi","swasta"
"P003","Sekolah Tinggi Ekonomi dan Bisnis Islam (STEBIS) Pagaralam","SekolahTinggi","swasta"
"P007","Sekolah Tinggi Ekonomi dan Bisnis Islam Batam","SekolahTinggi","swasta"
"P003","Sekolah Tinggi Ekonomi Dan Bisnis Islam Darussalam Ogan Komering Ilir Sumsel","SekolahTinggi","swasta"
"P009","Sekolah Tinggi Ekonomi dan Bisnis Islam Lampung","SekolahTinggi","swasta"
"P003","Sekolah Tinggi Ekonomi dan Bisnis Islam Muara Enim Sumatera Selatan","SekolahTinggi","swasta"
"P009","Sekolah Tinggi Ekonomi dan Bisnis Islam Nur Ilmi Al-Ismailiyun","SekolahTinggi","swasta"
"P009","Sekolah Tinggi Ekonomi dan Bisnis Islam Tanggamus Lampung","SekolahTinggi","swasta"
"P003","Sekolah Tinggi Ekonomi dan Bisnis Syariah (STEBIS) Indo Global Mandiri","SekolahTinggi","swasta"
"P003","Sekolah Tinggi Ekonomi Islam Al Furqon Prabumulih Sumatera Selatan ","SekolahTinggi","swasta"
"P004","Sekolah Tinggi Ekonomi Islam Ar-Risalah Sumatera Barat","SekolahTinggi","swasta"
"P009","Sekolah Tinggi Ekonomi Islam Darul Quran Minak Selebah","SekolahTinggi","swasta"
"P003","Sekolah Tinggi Ekonomi Islam Sekayu Palembang ","SekolahTinggi","swasta"
"P004","Sekolah Tinggi Ekonomi Syariah Manna Wa Salwa Tanah Datar Sumatera Barat","SekolahTinggi","swasta"
"P009","Sekolah Tinggi Ekonomi Syariah Tunas Palapa Lampung Tengah","SekolahTinggi","swasta"
"P002","Sekolah Tinggi Ekonomi Teladan ","SekolahTinggi","swasta"
"P004","Sekolah Tinggi Farmasi Indonesia Perintis Padang","SekolahTinggi","swasta"
"P002","Sekolah Tinggi Filsafat Theologi Surya Nusantara ","SekolahTinggi","swasta"
"P002","Sekolah Tinggi Guru Huria HKBP Sipoholon ","SekolahTinggi","swasta"
"P002","Sekolah Tinggi Hukum YNI ","SekolahTinggi","swasta"
"P004","Sekolah Tinggi Ilmu Administrasi Adabiah","SekolahTinggi","swasta"
"P005","Sekolah Tinggi Ilmu Administrasi Bengkulu","SekolahTinggi","swasta"
"P001","Sekolah Tinggi Ilmu Administrasi Iskandar Thani ","SekolahTinggi","swasta"
"P006","Sekolah Tinggi Ilmu Administrasi Lancang Kuning","SekolahTinggi","swasta"
"P004","Sekolah Tinggi Ilmu Administrasi Lppn","SekolahTinggi","swasta"
"P001","Sekolah Tinggi Ilmu Administrasi Nasional ","SekolahTinggi","swasta"
"P004","Sekolah Tinggi Ilmu Administrasi Pagaruyung","SekolahTinggi","swasta"
"P001","Sekolah Tinggi Ilmu Administrasi Pelita Nusantara ","SekolahTinggi","swasta"
"P003","Sekolah Tinggi Ilmu Administrasi Satya Negara ","SekolahTinggi","swasta"
"P008","Sekolah Tinggi Ilmu Administrasi Setih Setio","SekolahTinggi","swasta"
"P009","Sekolah Tinggi Ilmu Agama Buddha Jinarakkhita","SekolahTinggi","swasta"
"P003","Sekolah Tinggi Ilmu Al-Quran (STIQ) An-Nur Lempuing OKI ","SekolahTinggi","swasta"
"P003","Sekolah Tinggi Ilmu Al-Quran Al-Lathifiyyah Palembang Sumatera Selatan ","SekolahTinggi","swasta"
"P001","Sekolah Tinggi Ilmu Al-Quran Ash-Shiddiq Aceh Besar ","SekolahTinggi","swasta"
"P001","Sekolah Tinggi Ilmu Al-Quran Darussalam Lhokseumawe Aceh ","SekolahTinggi","swasta"
"P002","Sekolah Tinggi Ilmu Bahasa Asing ITMI Medan ","SekolahTinggi","swasta"
"P003","Sekolah Tinggi Ilmu Ekonomi Abdi Nusa ","SekolahTinggi","swasta"
"P002","Sekolah Tinggi Ilmu Ekonomi Al-Hikmah ","SekolahTinggi","swasta"
"P009","Sekolah Tinggi Ilmu Ekonomi Al-Madani","SekolahTinggi","swasta"
"P002","Sekolah Tinggi Ilmu Ekonomi Al-Washliyah ","SekolahTinggi","swasta"
"P003","Sekolah Tinggi Ilmu Ekonomi Aprin ","SekolahTinggi","swasta"
"P006","Sekolah Tinggi Ilmu Ekonomi Bangkinang","SekolahTinggi","swasta"
"P007","Sekolah Tinggi Ilmu Ekonomi Bentara Persada Batam","SekolahTinggi","swasta"
"P002","Sekolah Tinggi Ilmu Ekonomi Bina Karya ","SekolahTinggi","swasta"
"P003","Sekolah Tinggi Ilmu Ekonomi Bina Warga ","SekolahTinggi","swasta"
"P007","Sekolah Tinggi Ilmu Ekonomi Cakrawala","SekolahTinggi","swasta"
"P003","Sekolah Tinggi Ilmu Ekonomi dan Bisnis Prana Putra ","SekolahTinggi","swasta"
"P002","Sekolah Tinggi Ilmu Ekonomi Deli Sumatera ","SekolahTinggi","swasta"
"P004","Sekolah Tinggi Ilmu Ekonomi Dharma Andalas","SekolahTinggi","swasta"
"P006","Sekolah Tinggi Ilmu Ekonomi Dharma Putra Pekanbaru","SekolahTinggi","swasta"
"P003","Sekolah Tinggi Ilmu Ekonomi Dwi Sakti Baturaja ","SekolahTinggi","swasta"
"P002","Sekolah Tinggi Ilmu Ekonomi Eka Prasetya ","SekolahTinggi","swasta"
"P004","Sekolah Tinggi Ilmu Ekonomi El Hakim","SekolahTinggi","swasta"
"P007","Sekolah Tinggi Ilmu Ekonomi Galileo","SekolahTinggi","swasta"
"P009","Sekolah Tinggi Ilmu Ekonomi Gentiaras","SekolahTinggi","swasta"
"P002","Sekolah Tinggi Ilmu Ekonomi Graha Kirana ","SekolahTinggi","swasta"
"P001","Sekolah Tinggi Ilmu Ekonomi Gunung Leuser ","SekolahTinggi","swasta"
"P004","Sekolah Tinggi Ilmu Ekonomi Haji Agus Salim","SekolahTinggi","swasta"
"P002","Sekolah Tinggi Ilmu Ekonomi Harapan ","SekolahTinggi","swasta"
"P002","Sekolah Tinggi Ilmu Ekonomi IBBI ","SekolahTinggi","swasta"
"P007","Sekolah Tinggi Ilmu Ekonomi Ibnusina","SekolahTinggi","swasta"
"P001","Sekolah Tinggi Ilmu Ekonomi Indonesia Banda Aceh ","SekolahTinggi","swasta"
"P002","Sekolah Tinggi Ilmu Ekonomi Indonesia Medan ","SekolahTinggi","swasta"
"P006","Sekolah Tinggi Ilmu Ekonomi Indragiri Rengat","SekolahTinggi","swasta"
"P002","Sekolah Tinggi Ilmu Ekonomi ITMI Medan ","SekolahTinggi","swasta"
"P008","Sekolah Tinggi Ilmu Ekonomi Jambi","SekolahTinggi","swasta"
"P004","Sekolah Tinggi Ilmu Ekonomi KBP","SekolahTinggi","swasta"
"P001","Sekolah Tinggi Ilmu Ekonomi Kebangsaan Bireuen ","SekolahTinggi","swasta"
"P009","Sekolah Tinggi Ilmu Ekonomi Krakatau","SekolahTinggi","swasta"
"P002","Sekolah Tinggi Ilmu Ekonomi Labuhan Batu ","SekolahTinggi","swasta"
"P009","Sekolah Tinggi Ilmu Ekonomi Lantim Way Jepara","SekolahTinggi","swasta"
"P003","Sekolah Tinggi Ilmu Ekonomi Lembah Dempo ","SekolahTinggi","swasta"
"P001","Sekolah Tinggi Ilmu Ekonomi Lhokseumawe ","SekolahTinggi","swasta"
"P002","Sekolah Tinggi Ilmu Ekonomi LMII ","SekolahTinggi","swasta"
"P002","Sekolah Tinggi Ilmu Ekonomi Mahkota Tricom Unggul ","SekolahTinggi","swasta"
"P002","Sekolah Tinggi Ilmu Ekonomi Mars ","SekolahTinggi","swasta"
"P009","Sekolah Tinggi Ilmu Ekonomi Mitra Lampung","SekolahTinggi","swasta"
"P002","Sekolah Tinggi Ilmu Ekonomi Muhammadiyah Asahan ","SekolahTinggi","swasta"
"P008","Sekolah Tinggi Ilmu Ekonomi Muhammadiyah Jambi","SekolahTinggi","swasta"
"P009","Sekolah Tinggi Ilmu Ekonomi Muhammadiyah Kalianda","SekolahTinggi","swasta"
"P009","Sekolah Tinggi Ilmu Ekonomi Muhammadiyah Pringsewu","SekolahTinggi","swasta"
"P003","Sekolah Tinggi Ilmu Ekonomi Mulia Darma Pratama ","SekolahTinggi","swasta"
"P003","Sekolah Tinggi Ilmu Ekonomi Musi ","SekolahTinggi","swasta"
"P003","Sekolah Tinggi Ilmu Ekonomi Musi Rawas ","SekolahTinggi","swasta"
"P002","Sekolah Tinggi Ilmu Ekonomi Nusa Bangsa ","SekolahTinggi","swasta"
"P004","Sekolah Tinggi Ilmu Ekonomi Pagaruyung","SekolahTinggi","swasta"
"P004","Sekolah Tinggi Ilmu Ekonomi Pasaman","SekolahTinggi","swasta"
"P002","Sekolah Tinggi Ilmu Ekonomi Pelita Bangsa ","SekolahTinggi","swasta"
"P006","Sekolah Tinggi Ilmu Ekonomi Pelita Indonesia","SekolahTinggi","swasta"
"P002","Sekolah Tinggi Ilmu Ekonomi Pembangunan Nasional ","SekolahTinggi","swasta"
"P004","Sekolah Tinggi Ilmu Ekonomi Perbankan Indonesia","SekolahTinggi","swasta"
"P004","Sekolah Tinggi Ilmu Ekonomi Perdagangan","SekolahTinggi","swasta"
"P006","Sekolah Tinggi Ilmu Ekonomi Persada Bunda","SekolahTinggi","swasta"
"P010","Sekolah Tinggi Ilmu Ekonomi Pertiba","SekolahTinggi","swasta"
"P003","Sekolah Tinggi Ilmu Ekonomi Prabumulih ","SekolahTinggi","swasta"
"P009","Sekolah Tinggi Ilmu Ekonomi Prasetiya Mandiri Lampung","SekolahTinggi","swasta"
"P002","Sekolah Tinggi Ilmu Ekonomi Profesional Indonesia ","SekolahTinggi","swasta"
"P006","Sekolah Tinggi Ilmu Ekonomi Purna Graha","SekolahTinggi","swasta"
"P009","Sekolah Tinggi Ilmu Ekonomi Ragam Tunas","SekolahTinggi","swasta"
"P003","Sekolah Tinggi Ilmu Ekonomi Rahmaniyah ","SekolahTinggi","swasta"
"P002","Sekolah Tinggi Ilmu Ekonomi Riama ","SekolahTinggi","swasta"
"P006","Sekolah Tinggi Ilmu Ekonomi Riau","SekolahTinggi","swasta"
"P001","Sekolah Tinggi Ilmu Ekonomi Sabang ","SekolahTinggi","swasta"
"P008","Sekolah Tinggi Ilmu Ekonomi Sakti Alam Kerinci","SekolahTinggi","swasta"
"P009","Sekolah Tinggi Ilmu Ekonomi Satu Nusa","SekolahTinggi","swasta"
"P003","Sekolah Tinggi Ilmu Ekonomi Serasan Muara Enim ","SekolahTinggi","swasta"
"P003","Sekolah Tinggi Ilmu Ekonomi Serelo Lahat ","SekolahTinggi","swasta"
"P002","Sekolah Tinggi Ilmu Ekonomi Sultan Agung ","SekolahTinggi","swasta"
"P004","Sekolah Tinggi Ilmu Ekonomi Sumbar","SekolahTinggi","swasta"
"P002","Sekolah Tinggi Ilmu Ekonomi Surya Nusantara ","SekolahTinggi","swasta"
"P002","Sekolah Tinggi Ilmu Ekonomi Sutomo Deli Serdang ","SekolahTinggi","swasta"
"P002","Sekolah Tinggi Ilmu Ekonomi Swadaya ","SekolahTinggi","swasta"
"P009","Sekolah Tinggi Ilmu Ekonomi Syariah Alifa Pringsewu Lampung","SekolahTinggi","swasta"
"P006","Sekolah Tinggi Ilmu Ekonomi Syariah Bengkalis","SekolahTinggi","swasta"
"P009","Sekolah Tinggi Ilmu Ekonomi Syariah Darul Huda Mesuji Lampung","SekolahTinggi","swasta"
"P006","Sekolah Tinggi Ilmu Ekonomi Syariah Imam Asy Syafii Pekanbaru Riau","SekolahTinggi","swasta"
"P005","Sekolah Tinggi Ilmu Ekonomi Syariah Nahdlatul Ulama Bengkulu","SekolahTinggi","swasta"
"P002","Sekolah Tinggi Ilmu Ekonomi Tricom ","SekolahTinggi","swasta"
"P003","Sekolah Tinggi Ilmu Ekonomi Trisna Negara ","SekolahTinggi","swasta"
"P006","Sekolah Tinggi Ilmu Ekonomi Tuah Negeri","SekolahTinggi","swasta"
"P002","Sekolah Tinggi Ilmu Ekonomi Y P Kampus ","SekolahTinggi","swasta"
"P001","Sekolah Tinggi Ilmu Ekonomi YPHB ","SekolahTinggi","swasta"
"P003","Sekolah Tinggi Ilmu Farmasi Bhakti Pertiwi ","SekolahTinggi","swasta"
"P004","Sekolah Tinggi Ilmu Farmasi Padang","SekolahTinggi","swasta"
"P006","Sekolah Tinggi Ilmu Farmasi Riau","SekolahTinggi","swasta"
"P001","Sekolah Tinggi Ilmu Hukum Al-Banna ","SekolahTinggi","swasta"
"P002","Sekolah Tinggi Ilmu Hukum Al-hikmah ","SekolahTinggi","swasta"
"P002","Sekolah Tinggi Ilmu Hukum Asy-Syafi iyah Medan ","SekolahTinggi","swasta"
"P002","Sekolah Tinggi Ilmu Hukum Benteng Huraba ","SekolahTinggi","swasta"
"P002","Sekolah Tinggi Ilmu Hukum Deli Sumatera ","SekolahTinggi","swasta"
"P002","Sekolah Tinggi Ilmu Hukum Graha Kirana ","SekolahTinggi","swasta"
"P002","Sekolah Tinggi Ilmu Hukum Indonesia Medan ","SekolahTinggi","swasta"
"P001","Sekolah Tinggi Ilmu Hukum Kebangsaan Bireuen ","SekolahTinggi","swasta"
"P002","Sekolah Tinggi Ilmu Hukum Labuhan Batu ","SekolahTinggi","swasta"
"P004","Sekolah Tinggi Ilmu Hukum Lubuk Sikaping","SekolahTinggi","swasta"
"P009","Sekolah Tinggi Ilmu Hukum Muhammadiyah Kalianda","SekolahTinggi","swasta"
"P002","Sekolah Tinggi Ilmu Hukum Muhammadiyah Kisaran ","SekolahTinggi","swasta"
"P009","Sekolah Tinggi Ilmu Hukum Muhammadiyah Kotabumi","SekolahTinggi","swasta"
"P001","Sekolah Tinggi Ilmu Hukum Muhammadiyah Takengon ","SekolahTinggi","swasta"
"P002","Sekolah Tinggi Ilmu Hukum Nias Selatan ","SekolahTinggi","swasta"
"P004","Sekolah Tinggi Ilmu Hukum Padang","SekolahTinggi","swasta"
"P004","Sekolah Tinggi Ilmu Hukum Painan","SekolahTinggi","swasta"
"P006","Sekolah Tinggi Ilmu Hukum Persada Bunda","SekolahTinggi","swasta"
"P010","Sekolah Tinggi Ilmu Hukum Pertiba Pangkalpinang","SekolahTinggi","swasta"
"P003","Sekolah Tinggi Ilmu Hukum Rahmaniyah ","SekolahTinggi","swasta"
"P006","Sekolah Tinggi Ilmu Hukum Riau","SekolahTinggi","swasta"
"P003","Sekolah Tinggi Ilmu Hukum Serasan Muara Enim ","SekolahTinggi","swasta"
"P003","Sekolah Tinggi Ilmu Hukum Sumpah Pemuda ","SekolahTinggi","swasta"
"P002","Sekolah Tinggi Ilmu Hukum Swadaya ","SekolahTinggi","swasta"
"P008","Sekolah Tinggi Ilmu Hukum YPM","SekolahTinggi","swasta"
"P001","Sekolah Tinggi Ilmu Kehutanan Pante Kulu ","SekolahTinggi","swasta"
"P010","Sekolah Tinggi Ilmu Kesehatan Abdi Nusa","SekolahTinggi","swasta"
"P003","Sekolah Tinggi Ilmu Kesehatan Abdurahman Palembang ","SekolahTinggi","swasta"
"P003","Sekolah Tinggi Ilmu Kesehatan Al Ma arif ","SekolahTinggi","swasta"
"P003","Sekolah Tinggi Ilmu Kesehatan Al-Suaibah ","SekolahTinggi","swasta"
"P004","Sekolah Tinggi Ilmu Kesehatan Alifah Padang","SekolahTinggi","swasta"
"P002","Sekolah Tinggi Ilmu Kesehatan Arjuna ","SekolahTinggi","swasta"
"P002","Sekolah Tinggi Ilmu Kesehatan Arta Kabanjahe ","SekolahTinggi","swasta"
"P002","Sekolah Tinggi Ilmu Kesehatan Audi Husada Medan ","SekolahTinggi","swasta"
"P008","Sekolah Tinggi Ilmu Kesehatan Baiturrahim","SekolahTinggi","swasta"
"P003","Sekolah Tinggi Ilmu Kesehatan Bina Husada ","SekolahTinggi","swasta"
"P002","Sekolah Tinggi Ilmu Kesehatan Binalita Sudama ","SekolahTinggi","swasta"
"P004","Sekolah Tinggi Ilmu Kesehatan Ceria Buana","SekolahTinggi","swasta"
"P005","Sekolah Tinggi Ilmu Kesehatan Dehasen","SekolahTinggi","swasta"
"P002","Sekolah Tinggi Ilmu Kesehatan Deli Husada ","SekolahTinggi","swasta"
"P003","Sekolah Tinggi Ilmu Kesehatan Fitrah Aldar ","SekolahTinggi","swasta"
"P002","Sekolah Tinggi Ilmu Kesehatan Flora ","SekolahTinggi","swasta"
"P004","Sekolah Tinggi Ilmu Kesehatan Fort De Kock","SekolahTinggi","swasta"
"P008","Sekolah Tinggi Ilmu Kesehatan Garuda Putih","SekolahTinggi","swasta"
"P006","Sekolah Tinggi Ilmu Kesehatan Hang Tuah","SekolahTinggi","swasta"
"P006","Sekolah Tinggi Ilmu Kesehatan Har Kausyar","SekolahTinggi","swasta"
"P001","Sekolah Tinggi Ilmu Kesehatan Harapan Bangsa ","SekolahTinggi","swasta"
"P008","Sekolah Tinggi Ilmu Kesehatan Harapan Ibu Jambi","SekolahTinggi","swasta"
"P002","Sekolah Tinggi Ilmu Kesehatan Helvetia ","SekolahTinggi","swasta"
"P007","Sekolah Tinggi Ilmu Kesehatan Ibnu Sina Batam","SekolahTinggi","swasta"
"P002","Sekolah Tinggi Ilmu Kesehatan Imelda ","SekolahTinggi","swasta"
"P002","Sekolah Tinggi Ilmu Kesehatan Indah Medan ","SekolahTinggi","swasta"
"P004","Sekolah Tinggi Ilmu Kesehatan Indonesia","SekolahTinggi","swasta"
"P007","Sekolah Tinggi Ilmu Kesehatan Karimun","SekolahTinggi","swasta"
"P008","Sekolah Tinggi Ilmu Kesehatan Keluarga Bunda Jambi","SekolahTinggi","swasta"
"P002","Sekolah Tinggi Ilmu Kesehatan Kesehatan Baru ","SekolahTinggi","swasta"
"P001","Sekolah Tinggi Ilmu Kesehatan Langsa ","SekolahTinggi","swasta"
"P004","Sekolah Tinggi Ilmu Kesehatan Lenggogeni Padang","SekolahTinggi","swasta"
"P002","Sekolah Tinggi Ilmu Kesehatan Medistra ","SekolahTinggi","swasta"
"P008","Sekolah Tinggi Ilmu Kesehatan Merangin","SekolahTinggi","swasta"
"P003","Sekolah Tinggi Ilmu Kesehatan Mitra Adiguna ","SekolahTinggi","swasta"
"P002","Sekolah Tinggi Ilmu Kesehatan Mitra Husada Medan ","SekolahTinggi","swasta"
"P009","Sekolah Tinggi Ilmu Kesehatan Mitra Lampung","SekolahTinggi","swasta"
"P001","Sekolah Tinggi Ilmu Kesehatan Muhammadiyah Aceh ","SekolahTinggi","swasta"
"P002","Sekolah Tinggi Ilmu Kesehatan Mutiara Indonesia ","SekolahTinggi","swasta"
"P009","Sekolah Tinggi Ilmu Kesehatan Panca Bhakti","SekolahTinggi","swasta"
"P006","Sekolah Tinggi Ilmu Kesehatan Payung Negeri","SekolahTinggi","swasta"
"P003","Sekolah Tinggi Ilmu Kesehatan Perdhaki Charitas ","SekolahTinggi","swasta"
"P010","Sekolah Tinggi Ilmu Kesehatan Permata Nusantara","SekolahTinggi","swasta"
"P008","Sekolah Tinggi Ilmu Kesehatan Prima","SekolahTinggi","swasta"
"P002","Sekolah Tinggi Ilmu Kesehatan RS Haji Medan ","SekolahTinggi","swasta"
"P005","Sekolah Tinggi Ilmu Kesehatan Sapta Bakti","SekolahTinggi","swasta"
"P002","Sekolah Tinggi Ilmu Kesehatan Sehat Medan ","SekolahTinggi","swasta"
"P003","Sekolah Tinggi Ilmu Kesehatan Siti Khadijah ","SekolahTinggi","swasta"
"P004","Sekolah Tinggi Ilmu Kesehatan Sumatera Barat","SekolahTinggi","swasta"
"P002","Sekolah Tinggi Ilmu Kesehatan Sumatera Utara ","SekolahTinggi","swasta"
"P004","Sekolah Tinggi Ilmu Kesehatan Syedza Saintika","SekolahTinggi","swasta"
"P001","Sekolah Tinggi Ilmu Kesehatan U budiyah ","SekolahTinggi","swasta"
"P004","Sekolah Tinggi Ilmu Kesehatan YPAK Padang","SekolahTinggi","swasta"
"P008","Sekolah Tinggi Ilmu Komputer Dinamika Bangsa","SekolahTinggi","swasta"
"P002","Sekolah Tinggi Ilmu Komputer Medan ","SekolahTinggi","swasta"
"P007","Sekolah Tinggi Ilmu Komputer Muhammadiyah Batam","SekolahTinggi","swasta"
"P006","Sekolah Tinggi Ilmu Komputer Pelita Indonesia","SekolahTinggi","swasta"
"P007","Sekolah Tinggi Ilmu Komunikasi Internasional Gurindam Archipelago","SekolahTinggi","swasta"
"P002","Sekolah Tinggi Ilmu Komunikasi Pembangunan ","SekolahTinggi","swasta"
"P001","Sekolah Tinggi Ilmu Manajemen ","SekolahTinggi","swasta"
"P003","Sekolah Tinggi Ilmu Manajemen Amkop ","SekolahTinggi","swasta"
"P001","Sekolah Tinggi Ilmu Manajemen Indonesia Meulaboh ","SekolahTinggi","swasta"
"P002","Sekolah Tinggi Ilmu Manajemen Medan ","SekolahTinggi","swasta"
"P001","Sekolah Tinggi Ilmu Manajemen Pase ","SekolahTinggi","swasta"
"P002","Sekolah Tinggi Ilmu Manajemen Sukma ","SekolahTinggi","swasta"
"P004","Sekolah Tinggi Ilmu Manajemen Sumbar","SekolahTinggi","swasta"
"P009","Sekolah Tinggi Ilmu Maritim Mutiara Jaya","SekolahTinggi","swasta"
"P003","Sekolah Tinggi Ilmu Pertanian Belitang ","SekolahTinggi","swasta"
"P003","Sekolah Tinggi Ilmu Pertanian Bumi Silampari ","SekolahTinggi","swasta"
"P009","Sekolah Tinggi Ilmu Pertanian Dharma Wacana","SekolahTinggi","swasta"
"P002","Sekolah Tinggi Ilmu Pertanian Labuhan Batu ","SekolahTinggi","swasta"
"P005","Sekolah Tinggi Ilmu Pertanian Rejang Lebong","SekolahTinggi","swasta"
"P003","Sekolah Tinggi Ilmu Pertanian Sriwigama ","SekolahTinggi","swasta"
"P009","Sekolah Tinggi Ilmu Pertanian Surya Dharma","SekolahTinggi","swasta"
"P006","Sekolah Tinggi Ilmu Pertanian Swarna Dwipa","SekolahTinggi","swasta"
"P001","Sekolah Tinggi Ilmu Pertanian Yashafa ","SekolahTinggi","swasta"
"P001","Sekolah Tinggi Ilmu Psikologi Harapan Bangsa ","SekolahTinggi","swasta"
"P009","Sekolah Tinggi Ilmu Shuffah Al-Quran Abdullah Bin Masud Online Lampung Selatan","SekolahTinggi","swasta"
"P001","Sekolah Tinggi Ilmu Syariah Al-Aziziyah Sabang ","SekolahTinggi","swasta"
"P009","Sekolah Tinggi Ilmu Syariah Darul Ulum Lampung Timur","SekolahTinggi","swasta"
"P009","Sekolah Tinggi Ilmu Syariah Darusy Syafaah Lampung Tengah","SekolahTinggi","swasta"
"P001","Sekolah Tinggi Ilmu Syariah Dayah Amal ","SekolahTinggi","swasta"
"P009","Sekolah Tinggi Ilmu Syariah Muhammadiyah Pringsewu","SekolahTinggi","swasta"
"P001","Sekolah Tinggi Ilmu Syariah Nahdlatul Ulama Aceh ","SekolahTinggi","swasta"
"P003","Sekolah Tinggi Ilmu Syariah Subulussalam ","SekolahTinggi","swasta"
"P009","Sekolah Tinggi Ilmu Syariah Sultan Fatah","SekolahTinggi","swasta"
"P001","Sekolah Tinggi Ilmu Syariah Ummul Ayman Pidie Jaya ","SekolahTinggi","swasta"
"P002","Sekolah Tinggi Ilmu Tarbiyah Al Bukhary Labuhan Batu ","SekolahTinggi","swasta"
"P009","Sekolah Tinggi Ilmu Tarbiyah Al Hikmah Bumi Agung Way Kanan","SekolahTinggi","swasta"
"P006","Sekolah Tinggi Ilmu Tarbiyah Al Kifayah Riau","SekolahTinggi","swasta"
"P009","Sekolah Tinggi Ilmu Tarbiyah Al Mubarok Bandar Mataram","SekolahTinggi","swasta"
"P001","Sekolah Tinggi Ilmu Tarbiyah Al Washliyah Aceh Tengah ","SekolahTinggi","swasta"
"P002","Sekolah Tinggi Ilmu Tarbiyah Al-Ittihadiyah Labuhan Batu Utara ","SekolahTinggi","swasta"
"P003","Sekolah Tinggi Ilmu Tarbiyah al-Mathiriyah Muratara ","SekolahTinggi","swasta"
"P002","Sekolah Tinggi Ilmu Tarbiyah Ar-Raudlatul Hasanah Medan ","SekolahTinggi","swasta"
"P002","Sekolah Tinggi Ilmu Tarbiyah Batubara ","SekolahTinggi","swasta"
"P009","Sekolah Tinggi Ilmu Tarbiyah Darul Ishlah","SekolahTinggi","swasta"
"P001","Sekolah Tinggi Ilmu Tarbiyah Darussalamah Pidie Banda Aceh ","SekolahTinggi","swasta"
"P007","Sekolah Tinggi Ilmu Tarbiyah Hidayatullah Batam Kepulauan Riau","SekolahTinggi","swasta"
"P002","Sekolah Tinggi Ilmu Tarbiyah Indah Medan ","SekolahTinggi","swasta"
"P007","Sekolah Tinggi Ilmu Tarbiyah Inter Muhammadiyah","SekolahTinggi","swasta"
"P007","Sekolah Tinggi Ilmu Tarbiyah Lingga Kepulauan Riau","SekolahTinggi","swasta"
"P005","Sekolah Tinggi Ilmu Tarbiyah Makrifatul Ilmi Bengkulu Selatan","SekolahTinggi","swasta"
"P003","Sekolah Tinggi Ilmu Tarbiyah Mambaul Hikam Pali Sumsel ","SekolahTinggi","swasta"
"P008","Sekolah Tinggi Ilmu Tarbiyah Mambaul Ulum Jambi","SekolahTinggi","swasta"
"P007","Sekolah Tinggi Ilmu Tarbiyah Mumtaz","SekolahTinggi","swasta"
"P003","Sekolah Tinggi Ilmu Tarbiyah Nahdlatul Ulama Sumber Agung Oku Timur ","SekolahTinggi","swasta"
"P002","Sekolah Tinggi Ilmu Tarbiyah Serdang Bedagai ","SekolahTinggi","swasta"
"P001","Sekolah Tinggi Ilmu Tarbiyah Simeulue Aceh ","SekolahTinggi","swasta"
"P001","Sekolah Tinggi Ilmu Tarbiyah Syamsuddhuha Aceh Utara Banda Aceh ","SekolahTinggi","swasta"
"P009","Sekolah Tinggi Ilmu Tarbiyah Tanggamus","SekolahTinggi","swasta"
"P006","Sekolah Tinggi Ilmu Tarbiyyah Ar Risalah Inhil Riau","SekolahTinggi","swasta"
"P001","Sekolah Tinggi Ilmu Teknik Gunung Leuser ","SekolahTinggi","swasta"
"P003","Sekolah Tinggi Ilmu Teknik Prabumulih ","SekolahTinggi","swasta"
"P003","Sekolah Tinggi Ilmu Teknik Serasan ","SekolahTinggi","swasta"
"P005","Sekolah Tinggi Ilmu Teknik Trisula","SekolahTinggi","swasta"
"P002","Sekolah Tinggi Keguruan dan Ilmu Pendidikan Al Maksum ","SekolahTinggi","swasta"
"P002","Sekolah Tinggi Keguruan dan Ilmu Pendidikan Amal Bakti ","SekolahTinggi","swasta"
"P009","Sekolah Tinggi Keguruan dan Ilmu Pendidikan Kumala Lampung","SekolahTinggi","swasta"
"P006","Sekolah Tinggi Keguruan dan Ilmu Pendidikan Meranti","SekolahTinggi","swasta"
"P003","Sekolah Tinggi Keguruan dan Ilmu Pendidikan Muhammadiyah OKU Timur ","SekolahTinggi","swasta"
"P002","Sekolah Tinggi Keguruan dan Ilmu Pendidikan Padang Lawas ","SekolahTinggi","swasta"
"P009","Sekolah Tinggi Keguruan dan Ilmu Pendidikan Rosalia Lampung","SekolahTinggi","swasta"
"P002","Sekolah Tinggi Kelautan Dan Perikanan Indonesia ","SekolahTinggi","swasta"
"P005","Sekolah Tinggi Kesehatan Al-Fatah Bengkulu","SekolahTinggi","swasta"
"P007","Sekolah Tinggi Manajemen Informatika dan Komputer Gici","SekolahTinggi","swasta"
"P001","Sekolah Tinggi Manajemen Informatika dan Komputer Harapan Ibu ","SekolahTinggi","swasta"
"P009","Sekolah Tinggi Manajemen Informatika dan Komputer Kalirejo Lampung","SekolahTinggi","swasta"
"P003","Sekolah Tinggi Manajemen Informatika dan Komputer Lembah Dempo ","SekolahTinggi","swasta"
"P002","Sekolah Tinggi Manajemen Informatika dan Komputer Royal ","SekolahTinggi","swasta"
"P002","Sekolah Tinggi Olahraga Dan Kesehatan Bina Guna ","SekolahTinggi","swasta"
"P006","Sekolah Tinggi Pariwisata Riau","SekolahTinggi","swasta"
"P002","sekolah Tinggi Penyuluhan Pertanian Medan","SekolahTinggi","negeri"
"P002","Sekolah Tinggi Perikanan dan Kelautan Matauli ","SekolahTinggi","swasta"
"P002","Sekolah Tinggi Perikanan Sibolga ","SekolahTinggi","swasta"
"P009","Sekolah Tinggi Perkebunan Lampung","SekolahTinggi","swasta"
"P002","Sekolah Tinggi Pertanian Benteng Huraba ","SekolahTinggi","swasta"
"P001","Sekolah Tinggi Pertanian Gunung Leuser ","SekolahTinggi","swasta"
"P004","Sekolah Tinggi Pertanian Haji Agus Salim","SekolahTinggi","swasta"
"P004","Sekolah Tinggi Seni Indonesia Padang Panjang","SekolahTinggi","negeri"
"P007","Sekolah Tinggi Teknik Bentara Persada Batam","SekolahTinggi","swasta"
"P001","Sekolah Tinggi Teknik Bina Cendikia ","SekolahTinggi","swasta"
"P002","Sekolah Tinggi Teknik Graha Kirana ","SekolahTinggi","swasta"
"P002","Sekolah Tinggi Teknik Harapan ","SekolahTinggi","swasta"
"P007","Sekolah Tinggi Teknik Ibnu Sina","SekolahTinggi","swasta"
"P001","Sekolah Tinggi Teknik Iskandar Thani ","SekolahTinggi","swasta"
"P003","Sekolah Tinggi Teknik Musi ","SekolahTinggi","swasta"
"P006","Sekolah Tinggi Teknik Nusantara Mandiri","SekolahTinggi","swasta"
"P002","Sekolah Tinggi Teknik Pelita Bangsa ","SekolahTinggi","swasta"
"P002","Sekolah Tinggi Teknik Poliprofesi ","SekolahTinggi","swasta"
"P009","Sekolah Tinggi Teknologi Aisyah","SekolahTinggi","swasta"
"P005","Sekolah Tinggi Teknologi Bengkulu","SekolahTinggi","swasta"
"P006","Sekolah Tinggi Teknologi Dumai","SekolahTinggi","swasta"
"P006","Sekolah Tinggi Teknologi Duri","SekolahTinggi","swasta"
"P002","Sekolah Tinggi Teknologi Immanuel ","SekolahTinggi","swasta"
"P007","Sekolah Tinggi Teknologi Indonesia Tanjung Pinang","SekolahTinggi","swasta"
"P006","Sekolah Tinggi Teknologi Indragiri","SekolahTinggi","swasta"
"P004","Sekolah Tinggi Teknologi Industri Padang","SekolahTinggi","swasta"
"P008","Sekolah Tinggi Teknologi Nasional","SekolahTinggi","swasta"
"P009","Sekolah Tinggi Teknologi Nusantara Lampung","SekolahTinggi","swasta"
"P003","Sekolah Tinggi Teknologi Pagaralam ","SekolahTinggi","swasta"
"P004","Sekolah Tinggi Teknologi Payakumbuh","SekolahTinggi","swasta"
"P006","Sekolah Tinggi Teknologi Pekanbaru","SekolahTinggi","swasta"
"P006","Sekolah Tinggi Teknologi Pelalawan","SekolahTinggi","swasta"
"P002","Sekolah Tinggi Teknologi Sinar Husni ","SekolahTinggi","swasta"
"P006","Sekolah Tinggi Teknologi Unggulan Swarna Dwipa","SekolahTinggi","swasta"
"P002","Sekolah Tinggi Teologi Abdi Sabda Medan ","SekolahTinggi","swasta"
"P009","Sekolah Tinggi Teologi Agape Bandar Lampung","SekolahTinggi","swasta"
"P002","Sekolah Tinggi Teologi Amsal ","SekolahTinggi","swasta"
"P002","Sekolah Tinggi Teologi Anugerah Misi Nias Barat ","SekolahTinggi","swasta"
"P005","Sekolah Tinggi Teologi Arastamar Bengkulu","SekolahTinggi","swasta"
"P002","Sekolah Tinggi Teologi Baptis Medan ","SekolahTinggi","swasta"
"P007","Sekolah Tinggi Teologi Basom","SekolahTinggi","swasta"
"P002","Sekolah Tinggi Teologi Bethel Medan ","SekolahTinggi","swasta"
"P002","Sekolah Tinggi Teologi Bina Insani Indonesia Kasih Abadi Pematang Siantar ","SekolahTinggi","swasta"
"P002","Sekolah Tinggi Teologi Bina Muda Wirawan Medan ","SekolahTinggi","swasta"
"P007","Sekolah Tinggi Teologi Calvary Batam","SekolahTinggi","swasta"
"P002","Sekolah Tinggi Teologi Deli Serdang Medan ","SekolahTinggi","swasta"
"P002","Sekolah Tinggi Teologi Gereja Kristen Luther Indonesia ","SekolahTinggi","swasta"
"P002","Sekolah Tinggi Teologi Gereja Methodist Indonesia Bandar Baru ","SekolahTinggi","swasta"
"P002","Sekolah Tinggi Teologi Gereja Pentakosta di Indonesia Pematang Siantar ","SekolahTinggi","swasta"
"P002","Sekolah Tinggi Teologi Gereja Tuhan Di Indonesia Medan ","SekolahTinggi","swasta"
"P002","Sekolah Tinggi Teologi Global Misi Medan ","SekolahTinggi","swasta"
"P002","Sekolah Tinggi Teologi HKBP Pematang Siantar","SekolahTinggi","swasta"
"P002","Sekolah Tinggi Teologi HKBP Sumatera Utara","SekolahTinggi","swasta"
"P007","Sekolah Tinggi Teologi Huperetes Batam","SekolahTinggi","swasta"
"P002","Sekolah Tinggi Teologi Imanuel (SETITEL) Teluk Dalam Kabupaten Nias Selatan ","SekolahTinggi","swasta"
"P002","Sekolah Tinggi Teologi Imanuel Ministry El Shadday ","SekolahTinggi","swasta"
"P007","Sekolah Tinggi Teologi Injil Bhakti Caraka Batam","SekolahTinggi","swasta"
"P002","Sekolah Tinggi Teologi Injili Arastamar Tapanuli ","SekolahTinggi","swasta"
"P002","Sekolah Tinggi Teologi Injili Betania Medan ","SekolahTinggi","swasta"
"P002","Sekolah Tinggi Teologi Injili Bethsaida Medan ","SekolahTinggi","swasta"
"P007","Sekolah Tinggi Teologi Injili Indonesia Batam","SekolahTinggi","swasta"
"P002","Sekolah Tinggi Teologi Itia Medan ","SekolahTinggi","swasta"
"P002","Sekolah Tinggi Teologi Marturia Tanjung Balai ","SekolahTinggi","swasta"
"P009","Sekolah Tinggi Teologi Mawar Saron Lampung","SekolahTinggi","swasta"
"P002","Sekolah Tinggi Teologi Nias ","SekolahTinggi","swasta"
"P003","Sekolah Tinggi Teologi Palembang ","SekolahTinggi","swasta"
"P007","Sekolah Tinggi Teologi Pantekosta Batam","SekolahTinggi","swasta"
"P002","Sekolah Tinggi Teologi Pantekosta Sumut - Aceh ","SekolahTinggi","swasta"
"P002","Sekolah Tinggi Teologi Paulus Medan ","SekolahTinggi","swasta"
"P002","Sekolah Tinggi Teologi Pelita Kebenaran ","SekolahTinggi","swasta"
"P006","Sekolah Tinggi Teologi Periago Pekanbaru","SekolahTinggi","swasta"
"P002","Sekolah Tinggi Teologi Perjanjiannya Kabanjahe ","SekolahTinggi","swasta"
"P007","Sekolah Tinggi Teologi Presbyterian Batam","SekolahTinggi","swasta"
"P010","Sekolah Tinggi Teologi Ratson Bangka Belitung","SekolahTinggi","swasta"
"P007","Sekolah Tinggi Teologi Real Batam","SekolahTinggi","swasta"
"P002","Sekolah Tinggi Teologi Reformed Injili Lumbantor ","SekolahTinggi","swasta"
"P002","Sekolah Tinggi Teologi Renatus Pematang Siantar ","SekolahTinggi","swasta"
"P007","Sekolah Tinggi Teologi Sidang Jemaat Kristus","SekolahTinggi","swasta"
"P002","Sekolah Tinggi Teologi Siloam Medan ","SekolahTinggi","swasta"
"P002","Sekolah Tinggi Teologi Sola Gratia Medan ","SekolahTinggi","swasta"
"P002","Sekolah Tinggi Teologi Sumatera Medan ","SekolahTinggi","swasta"
"P002","Sekolah Tinggi Teologi Sumatera Utara ","SekolahTinggi","swasta"
"P009","Sekolah Tinggi Teologi Syalom Bandar Lampung","SekolahTinggi","swasta"
"P002","Sekolah Tinggi Teologi Syalom Nias ","SekolahTinggi","swasta"
"P007","Sekolah Tinggi Teologi Tabgha Batam","SekolahTinggi","swasta"
"P002","Sekolah Tinggi Teologi William Carey Medan ","SekolahTinggi","swasta"
"P008","STAI Ahsanta Jambi","SekolahTinggi","swasta"
"P006","STAI Al Azhar Pekanbaru","SekolahTinggi","swasta"
"P006","STAI Al Kautsar","SekolahTinggi","swasta"
"P008","STAI Al-Anwar Kuala Tungkal Jambi","SekolahTinggi","swasta"
"P003","STAI Al-Azhar Lubuklinggau, Sumatera Selatan ","SekolahTinggi","swasta"
"P001","STAI Al-Aziziyah Samalanga Bireun NAD ","SekolahTinggi","swasta"
"P002","STAI Al-Hikmah Medan ","SekolahTinggi","swasta"
"P004","STAI Al-Hikmah Pariangan Batusangkar, Tanah Datar","SekolahTinggi","swasta"
"P002","STAI Al-Hikmah, Tanjung Balai ","SekolahTinggi","swasta"
"P002","STAI Al-Ikhlas Sidikalang, Dairi ","SekolahTinggi","swasta"
"P001","STAI Al-Washliyah Banda Aceh ","SekolahTinggi","swasta"
"P001","STAI Almuslim Bireun ","SekolahTinggi","swasta"
"P008","STAI An-Nadwah Kuala Tungkal, Jambi","SekolahTinggi","swasta"
"P009","STAI An-Nur Lampung Selatan","SekolahTinggi","swasta"
"P006","STAI Ar Ridho Bagansiapiapi","SekolahTinggi","swasta"
"P001","STAI Ar-Rahman Aceh Selatan ","SekolahTinggi","swasta"
"P002","STAI As-Sunnah Deli Serdang ","SekolahTinggi","swasta"
"P006","STAI Auliaurrasyidin","SekolahTinggi","swasta"
"P002","STAI Bahriyatul Ulum KH. Zainul Arifin Pandan ","SekolahTinggi","swasta"
"P004","STAI Balaiselasa YPPTI Pesisir Selatan, Sumatera Barat","SekolahTinggi","swasta"
"P002","STAI Barumun Raya Sibuhuan ","SekolahTinggi","swasta"
"P003","STAI Bumi Silampari Lubuk Linggau, Sumatera Selatan ","SekolahTinggi","swasta"
"P002","STAI Darul Arafah Lau Bakeri Deli Serdang ","SekolahTinggi","swasta"
"P001","STAI Darul Hikmah Aceh Barat ","SekolahTinggi","swasta"
"P004","STAI Darul Qur`an Payakumbuh","SekolahTinggi","swasta"
"P009","STAI Darussalam Lampung","SekolahTinggi","swasta"
"P006","STAI Diniyah Pekanbaru","SekolahTinggi","swasta"
"P006","STAI H.M. Lukman Edy Pekanbaru","SekolahTinggi","swasta"
"P002","STAI Hikmatul Fadhilah Medan ","SekolahTinggi","swasta"
"P006","STAI Hubbulwathan Duri","SekolahTinggi","swasta"
"P007","STAI Ibnu Sina Batam","SekolahTinggi","swasta"
"P001","STAI Jamiatut Tarbiyah Lhoksukon Aceh Utara ","SekolahTinggi","swasta"
"P002","STAI Jam`iyah Mahmudiyah Langkat ","SekolahTinggi","swasta"
"P006","STAI Kuansing","SekolahTinggi","swasta"
"P002","STAI Madina Panyabungan ","SekolahTinggi","swasta"
"P006","STAI Madinatun Najah","SekolahTinggi","swasta"
"P004","STAI Madrasah `Arabiyah Bayang, Pesisir Selatan, Sumatera Barat","SekolahTinggi","swasta"
"P008","STAI Mau`izhah Tanjung Jabung Barat","SekolahTinggi","swasta"
"P008","STAI Ma`arif Jambi","SekolahTinggi","swasta"
"P009","STAI Ma`arif Kalirejo Lampung Tengah","SekolahTinggi","swasta"
"P009","STAI Ma`arif Metro, Kota Metro, Lampung","SekolahTinggi","swasta"
"P008","STAI Ma`arif Sarolangun","SekolahTinggi","swasta"
"P005","STAI Miftahul Ulum Mukomuko","SekolahTinggi","swasta"
"P007","STAI Miftahul Ulum Tanjung Pinang","SekolahTinggi","swasta"
"P008","STAI Muara Bulian Batanghari, Jambi","SekolahTinggi","swasta"
"P007","STAI Natuna","SekolahTinggi","swasta"
"P002","STAI Nias ","SekolahTinggi","swasta"
"P006","STAI Nurul Falah Airmolek","SekolahTinggi","swasta"
"P006","STAI Nurul Hidayah","SekolahTinggi","swasta"
"P001","STAI Nusantara Kota Banda Aceh ","SekolahTinggi","swasta"
"P002","STAI Panca Budi Medan ","SekolahTinggi","swasta"
"P004","STAI Pengembangan Ilmu Al-Qur`an Kota Padang, Sumatera Barat","SekolahTinggi","swasta"
"P002","STAI PERTINU Padangsidimpuan ","SekolahTinggi","swasta"
"P003","STAI Rahmaniyah Sekayu, Musi Banyuasin, Sumatera Selatan ","SekolahTinggi","swasta"
"P002","STAI Raudhatul Akmal, Deli Serdang ","SekolahTinggi","swasta"
"P006","STAI Rokan","SekolahTinggi","swasta"
"P002","STAI Samora Pematang Siantar ","SekolahTinggi","swasta"
"P001","STAI Sepakat Segenep Kutacane Aceh Tenggara ","SekolahTinggi","swasta"
"P002","STAI Serdang Lubuk Pakam ","SekolahTinggi","swasta"
"P004","STAI Solok Nan Indah, Kota Padang","SekolahTinggi","swasta"
"P007","STAI Sultan Abdurrahman Kepulauan Riau","SekolahTinggi","swasta"
"P002","STAI Sumatera Medan ","SekolahTinggi","swasta"
"P001","STAI Syekh Abdur Rauf Singkil ","SekolahTinggi","swasta"
"P002","STAI Syekh H. Abdul Halim Hasan Al-Islahiyah Binjai ","SekolahTinggi","swasta"
"P008","STAI Syekh Maulana Qori (SMQ) Bangko, Jambi","SekolahTinggi","swasta"
"P006","STAI Tafaqquhfiddin Dumai","SekolahTinggi","swasta"
"P001","STAI Tapaktuan Aceh Selatan ","SekolahTinggi","swasta"
"P002","STAI Tapanuli Padangsidempuan ","SekolahTinggi","swasta"
"P002","STAI Tebing Tinggi Deli ","SekolahTinggi","swasta"
"P001","STAI Teungku Dirundeng Meulaboh Aceh Barat ","SekolahTinggi","swasta"
"P001","STAI Tgk. Chik Pante Kulu Kota Banda Aceh ","SekolahTinggi","swasta"
"P006","STAI Tuanku Tambusai","SekolahTinggi","swasta"
"P009","STAI Tulang Bawang, Lampung","SekolahTinggi","swasta"
"P002","STAI UISU Pematang Siantar ","SekolahTinggi","swasta"
"P004","STAI Umar Bin Khattab di Ujunggading, Pasaman Barat, Sumatera Barat","SekolahTinggi","swasta"
"P004","STAI YAPTIP Simpang Empat Pasaman Barat","SekolahTinggi","swasta"
"P009","STAI YASBA Kalianda Lampung Selatan","SekolahTinggi","swasta"
"P004","STAI Yayasan Kebangkitan Islam Sumatera Barat, Padang","SekolahTinggi","swasta"
"P004","STAI Yayasan Tarbiyah Islamiyah Lubuk Bagalung Padang","SekolahTinggi","swasta"
"P004","STAI YDI Lubuk Sikaping, Pasaman, Sumatera Barat","SekolahTinggi","swasta"
"P004","STAI YPI Al-Ikhlas Painan, Pesisir Selatan, Sumatera Barat","SekolahTinggi","swasta"
"P004","STAI YPK Imam Bonjol Padang Panjang, Sumatera Barat","SekolahTinggi","swasta"
"P004","STAI YPPTIPS Balaiselasa","SekolahTinggi","swasta"
"P004","STAIN Batusangkar","SekolahTinggi","negeri"
"P005","STAIN Curup","SekolahTinggi","negeri"
"P001","STAIN Gajah Putih Takengon Aceh Tengah ","SekolahTinggi","negeri"
"P009","STAIN Jurai Siwo Metro","SekolahTinggi","negeri"
"P008","STAIN Kerinci","SekolahTinggi","negeri"
"P001","STAIN Malikussaleh ","SekolahTinggi","negeri"
"P002","STAIN Padangsidempuan","SekolahTinggi","negeri"
"P004","STAIN Sjech M. Djamil Djambek Bukittinggi","SekolahTinggi","negeri"
"P010","STAIN Syaikh Abdurrahman Siddik Bangka Belitung","SekolahTinggi","negeri"
"P001","STAIN Tengku Dirundeng Meulaboh ","SekolahTinggi","negeri"
"P001","STAIN Zawiyah Cot Kala Langsa ","SekolahTinggi","negeri"
"P009","STAINU Kotabumi Lampung Utara","SekolahTinggi","swasta"
"P002","STAK Negeri Tarutung","SekolahTinggi","negeri"
"P004","STBA Haji Agus Salim","SekolahTinggi","swasta"
"P002","Stba Persahabatan Internasional Asia ","SekolahTinggi","swasta"
"P002","STEBIS Al-Ulum Terpadu Medan ","SekolahTinggi","swasta"
"P007","STEI Ar - Rachman","SekolahTinggi","swasta"
"P006","STEI Iqra Annisa Pekanbaru ","SekolahTinggi","swasta"
"P001","STI Ekonomi Syari`ah Baktiya Aceh Utara ","SekolahTinggi","swasta"
"P003","STIA & Pemerintahan Annisa Dwi Salfarizi ","SekolahTinggi","swasta"
"P003","STIA Bala Putra Dewa ","SekolahTinggi","swasta"
"P004","STIA Bina Nusantara Mandiri Pariaman","SekolahTinggi","swasta"
"P006","STIA Indragiri ","SekolahTinggi","swasta"
"P008","STIA Nusantara Sakti Sungai Penuh","SekolahTinggi","swasta"
"P007","STIDKI Al-AZIZ Batam","SekolahTinggi","swasta"
"P002","STIE Akuntansi Dan Bisnis Internasional","SekolahTinggi","swasta"
"P001","STIE Bumi Persada Lhokseumawe ","SekolahTinggi","swasta"
"P008","STIE Graha Karya Muara Bulian","SekolahTinggi","swasta"
"P006","STIE Harapan Duri ","SekolahTinggi","swasta"
"P010","STIE IBEK Pangkalpinang Bangka","SekolahTinggi","swasta"
"P002","STIE IBMI Medan","SekolahTinggi","swasta"
"P002","STIE Informasi Teknologi Dan Bisnis","SekolahTinggi","swasta"
"P006","STIE Mahaputra Riau","SekolahTinggi","swasta"
"P002","STIE Mikroskil","SekolahTinggi","swasta"
"P003","STIE Multi Data Palembang ","SekolahTinggi","swasta"
"P007","STIE Nagoya Indonesia","SekolahTinggi","swasta"
"P002","STIE Nias Selatan","SekolahTinggi","swasta"
"P007","STIE Pembangunan Tanjungpinang","SekolahTinggi","swasta"
"P006","STIE Prakarti Mulya ","SekolahTinggi","swasta"
"P002","STIE Professional Manajemen College Indonesia","SekolahTinggi","swasta"
"P003","STIE Sultan Mahmud Badaruddin ","SekolahTinggi","swasta"
"P008","STIE Syari`ah Al-Mujaddid","SekolahTinggi","swasta"
"P004","STIE Widyaswara Indonesia","SekolahTinggi","swasta"
"P008","STIE YA Bangko","SekolahTinggi","swasta"
"P004","STIH Putri Maharaja","SekolahTinggi","swasta"
"P009","STIKES Adila","SekolahTinggi","swasta"
"P002","STIKES Adiwangsa Tebing Tinggi","SekolahTinggi","swasta"
"P009","STIKES Aisyah Pringsewu","SekolahTinggi","swasta"
"P003","STIKES Aisyiyah Palembang ","SekolahTinggi","swasta"
"P006","STIKES Al Insyirah Pekanbaru ","SekolahTinggi","swasta"
"P002","STIKES As Syifa","SekolahTinggi","swasta"
"P001","STIKES Assyifa Aceh ","SekolahTinggi","swasta"
"P002","STIKES Aufa Royhan","SekolahTinggi","swasta"
"P007","STIKES Awal Bros Batam","SekolahTinggi","swasta"
"P006","STIKES Awal Bros Pekanbaru ","SekolahTinggi","swasta"
"P005","STIKES Bhakti Husada Bengkulu","SekolahTinggi","swasta"
"P001","STIKES Bina Bangsa Kuala Simpang ","SekolahTinggi","swasta"
"P001","STIKES Bina Nusantara ","SekolahTinggi","swasta"
"P001","STIKES Bumi Persada Lhokseumawe ","SekolahTinggi","swasta"
"P001","STIKES Bustanul Ulum Langsa ","SekolahTinggi","swasta"
"P010","STIKES Citra Delima Bangka Belitung","SekolahTinggi","swasta"
"P001","STIKES Cut Nyak Dhien Langsa ","SekolahTinggi","swasta"
"P002","STIKES Darmais Padangsidimpuan","SekolahTinggi","swasta"
"P001","STIKES Darussalam Lhokseumawe ","SekolahTinggi","swasta"
"P004","STIKES Dharma Landbouw","SekolahTinggi","swasta"
"P004","STIKES Dharmasraya","SekolahTinggi","swasta"
"P001","STIKES Getsempena Lhoksukon ","SekolahTinggi","swasta"
"P007","STIKES Hang Tuah Tanjung Pinang","SekolahTinggi","swasta"
"P001","STIKES Medika Nurul Islam ","SekolahTinggi","swasta"
"P001","STIKES Medika Seramoe Barat ","SekolahTinggi","swasta"
"P001","STIKES Medika Teuku Umar ","SekolahTinggi","swasta"
"P004","STIKES Mercubaktijaya Padang","SekolahTinggi","swasta"
"P007","STIKES Mitra Bunda Persada","SekolahTinggi","swasta"
"P001","STIKES Muhammadiyah Lhokseumawe ","SekolahTinggi","swasta"
"P003","STIKES Muhammadiyah Palembang ","SekolahTinggi","swasta"
"P009","STIKES Muhammadiyah Pringsewu","SekolahTinggi","swasta"
"P002","STIKES Murni Teguh","SekolahTinggi","swasta"
"P002","STIKES Namira Madina","SekolahTinggi","swasta"
"P004","STIKES Nan Tongga","SekolahTinggi","swasta"
"P002","STIKES Nauli Husada","SekolahTinggi","swasta"
"P002","STIKES Nurliana Medan","SekolahTinggi","swasta"
"P001","STIKES Nurul Hasanah Kutacane ","SekolahTinggi","swasta"
"P001","STIKES Payung Negeri Aceh Darussalam ","SekolahTinggi","swasta"
"P006","STIKES Pekanbaru Medical Center ","SekolahTinggi","swasta"
"P003","STIKES Pembina Palembang ","SekolahTinggi","swasta"
"P004","STIKES Perintis Padang","SekolahTinggi","swasta"
"P004","STIKES Piala Sakti Pariaman","SekolahTinggi","swasta"
"P004","STIKES Prima Nusantara","SekolahTinggi","swasta"
"P004","STIKES Purna Bhakti Husada Batusangkar","SekolahTinggi","swasta"
"P002","STIKES Putra Abadi Langkat","SekolahTinggi","swasta"
"P004","STIKES Ranah Minang","SekolahTinggi","swasta"
"P002","STIKES Sakinah Husada Tanjung Balai","SekolahTinggi","swasta"
"P002","STIKES Santa Elisabeth Medan","SekolahTinggi","swasta"
"P002","STIKES Senior Medan","SekolahTinggi","swasta"
"P002","STIKES Siti Hajar","SekolahTinggi","swasta"
"P002","STIKES Syuhada di Padangsidimpuan","SekolahTinggi","swasta"
"P006","STIKES Tengku Maharatu ","SekolahTinggi","swasta"
"P005","STIKES Tri Mandiri Sakti Bengkulu","SekolahTinggi","swasta"
"P006","STIKES Tuanku Tambusai ","SekolahTinggi","swasta"
"P002","STIKES Widya Husada Medan","SekolahTinggi","swasta"
"P004","STIKES Yarsi Sumatera Barat","SekolahTinggi","swasta"
"P003","STIKESMAS Abdi Nusa ","SekolahTinggi","swasta"
"P003","STIKESMAS Nusantara ","SekolahTinggi","swasta"
"P003","STIKESMAS Widya Dharma Palembang ","SekolahTinggi","swasta"
"P002","STIKOM Tunas Bangsa","SekolahTinggi","swasta"
"P008","STIP Graha Karya","SekolahTinggi","swasta"
"P002","STIPER Agrobisnis Perkebunan","SekolahTinggi","swasta"
"P004","STIPER Sawahlunto Sijunjung","SekolahTinggi","swasta"
"P003","STIPSI Abdi Nusa ","SekolahTinggi","swasta"
"P003","STIPSI Widya Dharma ","SekolahTinggi","swasta"
"P007","STIQ Kepulauan Riau","SekolahTinggi","swasta"
"P001","STIS Al-Hilal Sigli Kab. Pidie ","SekolahTinggi","swasta"
"P009","STIS Darussalam, Lampung Selatan, Lampung","SekolahTinggi","swasta"
"P001","STISIP Al Washliyah Banda Aceh ","SekolahTinggi","swasta"
"P003","STISIP Bina Marta ","SekolahTinggi","swasta"
"P007","STISIP Bunda Tanah Melayu","SekolahTinggi","swasta"
"P004","STISIP Imam Bonjol","SekolahTinggi","swasta"
"P008","STISIP Nurdin Hamzah","SekolahTinggi","swasta"
"P004","STISIP Padang","SekolahTinggi","swasta"
"P004","STISIP Pancasakti","SekolahTinggi","swasta"
"P006","STISIP Persada Bunda","SekolahTinggi","swasta"
"P003","STISIPOL Candradimuka ","SekolahTinggi","swasta"
"P009","STISIPOL Dharma Wacana","SekolahTinggi","swasta"
"P010","STISIPOL Pahlawan 12","SekolahTinggi","swasta"
"P007","STISIPOL Raja Haji","SekolahTinggi","swasta"
"P004","STIT Adzkia Padang","SekolahTinggi","swasta"
"P004","STIT Ahlussunnah Bukittinggi","SekolahTinggi","swasta"
"P008","STIT Al Falah","SekolahTinggi","swasta"
"P008","STIT Al-Azhar Diniyyah Muaro Bungo, Jambi","SekolahTinggi","swasta"
"P008","STIT Al-Falah Rimbo Bujang, Tebo, Jambi","SekolahTinggi","swasta"
"P002","STIT Al-Hikmah Tebing Tinggi Sumatera Utara","SekolahTinggi","swasta"
"P005","STIT Al-Quraniyah, Manna, Bengkulu Selatan","SekolahTinggi","swasta"
"P003","STIT Al-Qur`an Al-Ittifaqiah Ogan Ilir Sumatera Selatan ","SekolahTinggi","swasta"
"P002","STIT Al-Washliyah Binjai","SekolahTinggi","swasta"
"P002","STIT Ar-Raudhah","SekolahTinggi","swasta"
"P001","STIT Babussalam, Aceh Tenggara ","SekolahTinggi","swasta"
"P001","STIT Bustanul Arifin ","SekolahTinggi","swasta"
"P009","STIT Bustanul `Ulum Lampung Tengah","SekolahTinggi","swasta"
"P006","STIT Dar Aswaja Rokan Hilir","SekolahTinggi","swasta"
"P009","STIT Darul Fattah Bandar Lampung","SekolahTinggi","swasta"
"P008","STIT Darul Ulum, Sarolangun, Jambi","SekolahTinggi","swasta"
"P001","STIT Darussalam Lhokseumawe ","SekolahTinggi","swasta"
"P004","STIT Diniyyah Puteri Rahmah El-Yunusiyyah Kota Padang Panjang","SekolahTinggi","swasta"
"P002","STIT Gunung Tua, Padang Lawas Utara","SekolahTinggi","swasta"
"P002","STIT Hamzah Al-Fansuri Sibolga Barus Tapanuli Tengah","SekolahTinggi","swasta"
"P001","STIT Hamzah Fansuri Subulussalam Aceh ","SekolahTinggi","swasta"
"P009","STIT Ibnu Rusyd Kota Bumi Lampung Utara","SekolahTinggi","swasta"
"P008","STIT Kabupaten Tebo","SekolahTinggi","swasta"
"P003","STIT Misbahul Ulum Gumawang Belitang OKU Timur, Sumatera Selatan ","SekolahTinggi","swasta"
"P003","STIT Muara Enim, Sumatera Selatan ","SekolahTinggi","swasta"
"P001","STIT Muhammadiyah Aceh Barat Daya ","SekolahTinggi","swasta"
"P002","STIT Muhammadiyah Sibolga","SekolahTinggi","swasta"
"P009","STIT Multazam","SekolahTinggi","swasta"
"P003","STIT Nurul Huda Sukaraja OKU Timur, Sumatera Selatan ","SekolahTinggi","swasta"
"P003","STIT Pagar Alam, Sumatera Selatan ","SekolahTinggi","swasta"
"P009","STIT Pringsewu Lampung Selatan","SekolahTinggi","swasta"
"P001","STIT PTI Al-Hilal Sigli Kab. Pidie ","SekolahTinggi","swasta"
"P003","STIT Raudhatul Ulum, Sakatiga Indralaya, Kota Palembang, Sumatera Selatan ","SekolahTinggi","swasta"
"P004","STIT Syekh Burhanuddin Pariaman","SekolahTinggi","swasta"
"P001","STIT Syekhsaman Al-Hasan ","SekolahTinggi","swasta"
"P008","STIT YAPIMA Muara Bungo","SekolahTinggi","swasta"
"P004","STIT YPI Al-Yaqin Muaro Sijunjung, Sawahlunto","SekolahTinggi","swasta"
"P008","STIT YPI Kerinci","SekolahTinggi","swasta"
"P003","STIT YPI Lahat ","SekolahTinggi","swasta"
"P004","STIT YPI Payakumbuh","SekolahTinggi","swasta"
"P004","STITNU Sakinah Dharmasraya","SekolahTinggi","swasta"
"P004","STKIP Adzkia","SekolahTinggi","swasta"
"P004","STKIP Ahlussunnah","SekolahTinggi","swasta"
"P006","STKIP Aisyiyah Riau","SekolahTinggi","swasta"
"P008","STKIP Al Azhar Diniyyah Jambi","SekolahTinggi","swasta"
"P009","STKIP Al Islam Tunas Bangsa","SekolahTinggi","swasta"
"P001","STKIP Al-Washliyah ","SekolahTinggi","swasta"
"P001","STKIP An-nur Nangro Aceh ","SekolahTinggi","swasta"
"P002","STKIP Asy-Syafi iyah Internasional Medan","SekolahTinggi","swasta"
"P002","STKIP Barus Tapanuli Tengah","SekolahTinggi","swasta"
"P001","STKIP Bina Bangsa Getsempena ","SekolahTinggi","swasta"
"P001","STKIP Bina Bangsa Meulaboh ","SekolahTinggi","swasta"
"P002","STKIP Budidaya","SekolahTinggi","swasta"
"P001","STKIP Bumi Persada Lhokseumawe ","SekolahTinggi","swasta"
"P001","STKIP Citra Bangsa Aceh Utara ","SekolahTinggi","swasta"
"P009","STKIP Dharma Wacana","SekolahTinggi","swasta"
"P004","STKIP Dharmasraya","SekolahTinggi","swasta"
"P001","STKIP Gunung Leuser ","SekolahTinggi","swasta"
"P006","STKIP Insan Madani Airmolek ","SekolahTinggi","swasta"
"P002","STKIP Labuhan Batu","SekolahTinggi","swasta"
"P001","STKIP Muhammadiyah Aceh Barat Daya ","SekolahTinggi","swasta"
"P001","STKIP Muhammadiyah Aceh Tengah ","SekolahTinggi","swasta"
"P010","STKIP Muhammadiyah Bangka Belitung","SekolahTinggi","swasta"
"P009","STKIP Muhammadiyah Kotabumi","SekolahTinggi","swasta"
"P008","STKIP Muhammadiyah Muara Bungo","SekolahTinggi","swasta"
"P003","STKIP Muhammadiyah Pagaralam ","SekolahTinggi","swasta"
"P009","STKIP Muhammadiyah Pringsewu","SekolahTinggi","swasta"
"P008","STKIP Muhammadiyah Sungai Penuh","SekolahTinggi","swasta"
"P004","STKIP Nasional","SekolahTinggi","swasta"
"P002","STKIP Nias Selatan","SekolahTinggi","swasta"
"P003","STKIP Nurul Huda di Sukaraja ","SekolahTinggi","swasta"
"P006","STKIP Pahlawan Tuanku Tambusai ","SekolahTinggi","swasta"
"P002","STKIP Pangeran Antasari","SekolahTinggi","swasta"
"P002","STKIP Pelita Bangsa","SekolahTinggi","swasta"
"P004","STKIP Pesisir Selatan","SekolahTinggi","swasta"
"P009","STKIP PGRI Bandar Lampung","SekolahTinggi","swasta"
"P003","STKIP PGRI Lubuk Linggau ","SekolahTinggi","swasta"
"P009","STKIP PGRI Metro","SekolahTinggi","swasta"
"P004","STKIP PGRI Sumatera Barat","SekolahTinggi","swasta"
"P002","STKIP Riama","SekolahTinggi","swasta"
"P006","STKIP Rokania","SekolahTinggi","swasta"
"P003","STKIP Sera ","SekolahTinggi","swasta"
"P002","STKIP Tapanuli Selatan","SekolahTinggi","swasta"
"P002","STKIP Teladan Medan","SekolahTinggi","swasta"
"P009","STKIP Tunas Palapa","SekolahTinggi","swasta"
"P001","STKIP Usman Safri Kutacane ","SekolahTinggi","swasta"
"P004","STKIP Widyaswara Indonesia","SekolahTinggi","swasta"
"P004","STKIP Yayasan Abdi Pendidikan","SekolahTinggi","swasta"
"P004","STKIP YDB Lubuk Alung","SekolahTinggi","swasta"
"P008","STKIP YPM Bangko","SekolahTinggi","swasta"
"P001","STMIK Abulyatama ","SekolahTinggi","swasta"
"P006","STMIK Amik Riau","SekolahTinggi","swasta"
"P010","STMIK Atma Luhur","SekolahTinggi","swasta"
"P001","STMIK Bina Bangsa ","SekolahTinggi","swasta"
"P003","STMIK Bina Nusantara Jaya Lubuk Linggau ","SekolahTinggi","swasta"
"P002","STMIK Budi Darma","SekolahTinggi","swasta"
"P002","STMIK Citra Mandiri Padangsidimpuan","SekolahTinggi","swasta"
"P009","STMIK Dharma Wacana","SekolahTinggi","swasta"
"P006","STMIK Dharmapala Riau ","SekolahTinggi","swasta"
"P004","STMIK Dharmasraya","SekolahTinggi","swasta"
"P009","STMIK Dian Cipta Cendikia Kotabumi","SekolahTinggi","swasta"
"P006","STMIK Dumai","SekolahTinggi","swasta"
"P003","STMIK Global Informatika Mdp ","SekolahTinggi","swasta"
"P006","STMIK Hang Tuah Pekanbaru ","SekolahTinggi","swasta"
"P002","STMIK IBBI","SekolahTinggi","swasta"
"P001","STMIK Indonesia Banda Aceh ","SekolahTinggi","swasta"
"P004","STMIK Indonesia Padang","SekolahTinggi","swasta"
"P006","STMIK Indragiri ","SekolahTinggi","swasta"
"P002","STMIK ITMI Medan","SekolahTinggi","swasta"
"P004","STMIK Jaya Nusa","SekolahTinggi","swasta"
"P002","STMIK Kaputama","SekolahTinggi","swasta"
"P002","STMIK Kristen Neumann Indonesia","SekolahTinggi","swasta"
"P002","STMIK Logika","SekolahTinggi","swasta"
"P003","STMIK MBC Palembang ","SekolahTinggi","swasta"
"P002","STMIK Methodist Binjai","SekolahTinggi","swasta"
"P002","STMIK Mikroskil","SekolahTinggi","swasta"
"P009","STMIK Mitra Lampung","SekolahTinggi","swasta"
"P003","STMIK Muara Dua ","SekolahTinggi","swasta"
"P003","STMIK Musi Rawas ","SekolahTinggi","swasta"
"P008","STMIK Nurdin Hamzah","SekolahTinggi","swasta"
"P003","STMIK Palcomtech ","SekolahTinggi","swasta"
"P002","STMIK Pelita Nusantara","SekolahTinggi","swasta"
"P002","STMIK Potensi Utama","SekolahTinggi","swasta"
"P003","STMIK Prabumulih ","SekolahTinggi","swasta"
"P009","STMIK Pringsewu","SekolahTinggi","swasta"
"P007","STMIK Putera Batam","SekolahTinggi","swasta"
"P002","STMIK Sisingamangaraja XII","SekolahTinggi","swasta"
"P009","STMIK Surya Intan","SekolahTinggi","swasta"
"P009","STMIK Teknokrat","SekolahTinggi","swasta"
"P002","STMIK Time","SekolahTinggi","swasta"
"P002","STMIK Triguna Dharma","SekolahTinggi","swasta"
"P009","STMIK Tunas Bangsa","SekolahTinggi","swasta"
"P001","STMIK U budiyah Indonesia ","SekolahTinggi","swasta"
"P002","STP Dian Mandala Gunung Sitoli Nias Keuskupan Sibolga ","SekolahTinggi","swasta"
"P002","STP St. Bonaventura Delitua Medan ","SekolahTinggi","swasta"
"P002","STT Anugerah Sinagoge Medan ","SekolahTinggi","swasta"
"P006","STT ARASTAMAR RIAU ","SekolahTinggi","swasta"
"P002","STT Banua Niha Keriso Protestan Sundermann Nias ","SekolahTinggi","swasta"
"P003","STT Ebenhaezer Tanjung Enim ","SekolahTinggi","swasta"
"P007","STT IKAT di Batam","SekolahTinggi","swasta"
"P002","STT INJILI ARASTAMAR NIAS SELATAN ","SekolahTinggi","swasta"
"P003","STT Injili di Palembang ","SekolahTinggi","swasta"
"P002","STT Injili Indonesia Medan ","SekolahTinggi","swasta"
"P004","STT Kasih Mentawai","SekolahTinggi","swasta"
"P007","STT Krisba Batam","SekolahTinggi","swasta"
"P007","STT Lintas Budaya Batam","SekolahTinggi","swasta"
"P002","STT Oikumene Injili Sidikalang ","SekolahTinggi","swasta"
"P002","STT Sola Fide ","SekolahTinggi","swasta"
"P003","STT Sriwijaya Palembang ","SekolahTinggi","swasta"
"P002","STT TRINITY PARAPAT ","SekolahTinggi","swasta"
"P002","UCSI University","universitas","swasta"
"P006","Universitas Abdurrab","universitas","swasta"
"P001","Universitas Abulyatama ","universitas","swasta"
"P008","Universitas Adiwangsa Jambi","universitas","swasta"
"P009","Universitas Aisyah Pringsewu","universitas","swasta"
"P002","Universitas Al Washliyah","universitas","swasta"
"P002","Universitas Al-Azhar","universitas","swasta"
"P001","Universitas Al-Muslim ","universitas","swasta"
"P002","Universitas Alwashliyah","universitas","swasta"
"P002","Universitas Amir Hamzah","universitas","swasta"
"P004","Universitas Andalas","universitas","negeri"
"P002","Universitas Asahan","universitas","swasta"
"P002","Universitas Audi Indonesia","universitas","swasta"
"P002","Universitas Aufa Royhan","universitas","swasta"
"P004","Universitas Baiturrahmah","universitas","swasta"
"P009","Universitas Bandar Lampung","universitas","swasta"
"P010","Universitas Bangka Belitung","universitas","negeri"
"P007","Universitas Batam","universitas","swasta"
"P008","Universitas Batanghari Jambi","universitas","swasta"
"P002","Universitas Battuta","universitas","swasta"
"P003","Universitas Baturaja ","universitas","swasta"
"P005","Universitas Bengkulu","universitas","negeri"
"P003","Universitas Bina Darma ","universitas","swasta"
"P003","Universitas Bina Insan ","universitas","swasta"
"P002","Universitas Budi Darma","universitas","swasta"
"P004","Universitas Bung Hatta","universitas","swasta"
"P002","Universitas Darma Agung","universitas","swasta"
"P005","Universitas Dehasen Bengkulu","universitas","swasta"
"P004","Universitas Dharma Andalas","universitas","swasta"
"P004","Universitas Dharmas Indonesia","universitas","swasta"
"P002","Universitas Dharmawangsa","universitas","swasta"
"P002","Universitas Dian Nusantara","universitas","swasta"
"P008","Universitas Dinamika Bangsa","universitas","swasta"
"P002","Universitas Efarina","universitas","swasta"
"P004","Universitas Ekasakti","universitas","swasta"
"P004","Universitas Fort De Kock","universitas","swasta"
"P001","Universitas Gajah Putih ","universitas","swasta"
"P002","Universitas Graha Nusantara","universitas","swasta"
"P001","Universitas Gunung Leuser Aceh ","universitas","swasta"
"P002","Universitas Haji Sumatera Utara","universitas","swasta"
"P002","Universitas Harapan Medan","universitas","swasta"
"P002","Universitas HKBP Nommensen","universitas","swasta"
"P002","Universitas HKBP Nommensen Pematangsiantar","universitas","swasta"
"P003","Universitas IBA ","universitas","swasta"
"P002","Universitas IBBI","universitas","swasta"
"P007","Universitas Ibnu Sina","universitas","swasta"
"P002","Universitas Imelda Medan","universitas","swasta"
"P003","Universitas Indo Global Mandiri ","universitas","swasta"
"P007","Universitas Internasional Batam","universitas","swasta"
"P001","Universitas Iskandar Muda ","universitas","swasta"
"P006","Universitas Islam Indragiri","universitas","swasta"
"P001","Universitas Islam Kebangsaan Indonesia ","universitas","swasta"
"P006","Universitas Islam Kuantan Singingi","universitas","swasta"
"P002","Universitas Islam Labuhan Batu","universitas","swasta"
"P001","Universitas Islam Negeri Ar-Raniry Banda Aceh ","universitas","negeri"
"P004","Universitas Islam Negeri Imam Bonjol Padang","universitas","negeri"
"P003","Universitas Islam Negeri Raden Fatah Palembang","universitas","negeri"
"P009","Universitas Islam Negeri Raden Intan Lampung","universitas","negeri"
"P008","Universitas Islam Negeri Sulthan Thaha Saifuddin Jambi","universitas","negeri"
"P002","Universitas Islam Negeri Sumatera Utara Medan","universitas","negeri"
"P006","Universitas Islam Negeri Suska Riau","universitas","negeri"
"P003","Universitas Islam Ogan Komering Ilir Kayuagung ","universitas","swasta"
"P006","Universitas Islam Riau","universitas","swasta"
"P004","Universitas Islam Sumatera Barat","universitas","swasta"
"P002","Universitas Islam Sumatera Utara","universitas","swasta"
"P001","Universitas Jabal Ghafur ","universitas","swasta"
"P008","Universitas Jambi","universitas","negeri"
"P003","Universitas Kader Bangsa ","universitas","swasta"
"P007","Universitas Karimun","universitas","swasta"
"P002","Universitas Karo","universitas","swasta"
"P003","Universitas Katolik Musi Charitas ","universitas","swasta"
"P002","Universitas Katolik Santo Thomas","universitas","swasta"
"P002","Universitas Labuhanbatu","universitas","swasta"
"P009","Universitas Lampung","universitas","negeri"
"P006","Universitas Lancang Kuning","universitas","swasta"
"P004","Universitas Mahaputra Muhammad Yamin","universitas","swasta"
"P009","Universitas Malahayati","universitas","swasta"
"P001","Universitas Malikussaleh ","universitas","negeri"
"P007","Universitas Maritim Raja Ali Haji","universitas","negeri"
"P002","Universitas Medan Area","universitas","swasta"
"P009","Universitas Megou Pak Tulang Bawang","universitas","swasta"
"P002","Universitas Methodist Indonesia","universitas","swasta"
"P009","Universitas Mitra Indonesia","universitas","swasta"
"P004","Universitas Mohammad Natsir Bukittinggi","universitas","swasta"
"P008","Universitas Muara Bungo","universitas","swasta"
"P001","Universitas Muhammadiyah Aceh ","universitas","swasta"
"P010","Universitas Muhammadiyah Bangka Belitung","universitas","swasta"
"P005","Universitas Muhammadiyah Bengkulu","universitas","swasta"
"P008","Universitas Muhammadiyah Jambi","universitas","swasta"
"P009","Universitas Muhammadiyah Kotabumi","universitas","swasta"
"P009","Universitas Muhammadiyah Lampung","universitas","swasta"
"P009","Universitas Muhammadiyah Metro","universitas","swasta"
"P003","Universitas Muhammadiyah Palembang ","universitas","swasta"
"P009","Universitas Muhammadiyah Pringsewu","universitas","swasta"
"P006","Universitas Muhammadiyah Riau","universitas","swasta"
"P004","Universitas Muhammadiyah Sumatera Barat","universitas","swasta"
"P002","Universitas Muhammadiyah Sumatera Utara","universitas","swasta"
"P002","Universitas Muhammadiyah Tapanuli Selatan","universitas","swasta"
"P003","Universitas Musi Rawas ","universitas","swasta"
"P002","Universitas Muslim Nusantara Al-Washliyah","universitas","swasta"
"P009","Universitas Nahdlatul Ulama Lampung","universitas","swasta"
"P004","Universitas Nahdlatul Ulama Sumatera Barat","universitas","swasta"
"P002","Universitas Nahdlatul Ulama Sumatera Utara","universitas","swasta"
"P002","Universitas Negeri Medan","universitas","negeri"
"P004","Universitas Negeri Padang","universitas","negeri"
"P006","Universitas Pahlawan Tuanku Tambusai","universitas","swasta"
"P003","Universitas Palembang ","universitas","swasta"
"P006","Universitas Pasir Pengaraian","universitas","swasta"
"P005","Universitas Pat Petulai","universitas","swasta"
"P002","Universitas Pelita Harapan Medan","universitas","swasta"
"P002","Universitas Pembangunan Panca Budi","universitas","swasta"
"P002","Universitas Pembinaan Masyarakat Indonesia","universitas","swasta"
"P004","Universitas Perintis Indonesia","universitas","swasta"
"P003","Universitas PGRI Palembang ","universitas","swasta"
"P002","Universitas Potensi Utama","universitas","swasta"
"P002","Universitas Preston Indonesia","universitas","swasta"
"P002","Universitas Prima Indonesia","universitas","swasta"
"P005","Universitas Prof Dr Hazairin SH","universitas","swasta"
"P007","Universitas Putera Batam","universitas","swasta"
"P004","Universitas Putra Indonesia Yptk Padang","universitas","swasta"
"P002","Universitas Quality","universitas","swasta"
"P002","Universitas Quality Berastagi","universitas","swasta"
"P005","Universitas Ratu Samban","universitas","swasta"
"P006","Universitas Riau","universitas","negeri"
"P007","Universitas Riau Kepulauan","universitas","swasta"
"P001","Universitas Sains Cut Nyak Dhien ","universitas","swasta"
"P001","Universitas Samudra ","universitas","negeri"
"P001","Universitas Samudra Langsa ","universitas","swasta"
"P009","Universitas Sang Bumi Ruwa Jurai","universitas","swasta"
"P002","Universitas Sari Mutiara Indonesia Medan","universitas","swasta"
"P001","Universitas Serambi Mekkah ","universitas","swasta"
"P002","Universitas Setia Budi Mandiri","universitas","swasta"
"P002","Universitas Simalungun","universitas","swasta"
"P002","Universitas Sisingamangaraja XII","universitas","swasta"
"P002","Universitas Sisingamangaraja XII Tapanuli Utara","universitas","swasta"
"P003","Universitas Sjakhyakirti ","universitas","swasta"
"P003","Universitas Sriwijaya","universitas","negeri"
"P003","Universitas Sumatera Selatan ","universitas","swasta"
"P002","Universitas Sumatera Utara","universitas","negeri"
"P002","Universitas Sutomo","universitas","swasta"
"P001","Universitas Syiah Kuala ","universitas","negeri"
"P003","Universitas Tamansiswa ","universitas","swasta"
"P004","Universitas Tamansiswa Sumatera Barat","universitas","swasta"
"P009","Universitas Teknokrat Indonesia","universitas","swasta"
"P001","Universitas Teuku Umar ","universitas","negeri"
"P001","Universitas Teuku Umar Meulaboh ","universitas","swasta"
"P002","Universitas Tjut Nyak Dhien","universitas","swasta"
"P002","Universitas Tri Karya","universitas","swasta"
"P003","Universitas Tridinanti ","universitas","swasta"
"P009","Universitas Tulang Bawang","universitas","swasta"
"P001","Universitas Ubudiyah Indonesia ","universitas","swasta"
"P007","Universitas Universal","universitas","swasta"
